sample_id,membrane_name_raw,source_sheet,source_row_excel,backbone_family,contortion_unit_family,modification_family,model_name,fold_id,y_true,y_pred,residual
S001,COOH-PIM-1,Sheet1,3,,,,ridge,1,2.792391689498254,3.6597691892569095,0.8673774997586556
S002,COOH-PIM-1,Sheet1,4,,,,ridge,1,1.9842121667614336,3.477467492889211,1.4932553261277774
S004,Thio−PIM-1,Sheet1,6,,,,ridge,1,3.049218022670181,3.60609139943569,0.556873376765509
S008,Brominated vinylated PIM-1,Sheet1,10,,,,ridge,1,3.2764618041732443,3.4520987508944416,0.17563694672119734
S020,PIM-Btrip,Sheet1,22,,,,ridge,1,4.332438459915605,4.645462192085573,0.3130237321699685
S021,PIM-Btrip,Sheet1,23,,,,ridge,1,4.12057393120585,4.324910955972607,0.2043370247667573
S022,PIM-Btrip,Sheet1,24,,,,ridge,1,3.576341350205793,4.212958346720667,0.6366169965148738
S023,PIM-Btrip,Sheet1,25,,,,ridge,1,4.02938377768521,4.281374499549268,0.25199072186405846
S024,PIM-Btrip,Sheet1,26,,,,ridge,1,3.9041743682841634,4.2573555605162445,0.3531811922320811
S025,PIM-Btrip,Sheet1,27,,,,ridge,1,3.782472624166286,4.238037078189827,0.4555644540235413
S026,PIM-Btrip,Sheet1,28,,,,ridge,1,3.638489256954637,4.221230693195556,0.5827414362409193
S027,PIM-Btrip,Sheet1,29,,,,ridge,1,3.963787827345555,4.64842682674719,0.6846389994016353
S028,PIM-Btrip,Sheet1,30,,,,ridge,1,3.781036938621132,4.333096700474375,0.5520597618532426
S029,PIM-Btrip,Sheet1,31,,,,ridge,1,3.777426822389312,4.284339134210885,0.5069123118215733
S030,PIM-Btrip,Sheet1,32,,,,ridge,1,3.711807229041191,4.2592510425426475,0.5474438135014563
S007,PIM-1-MBr,Sheet1,9,,,,ridge,2,3.505149978319906,3.3328548393040753,-0.1722951390158305
S031,PIM-DM-Btrip,Sheet1,33,,,,ridge,2,4.342422680822207,4.419008004941453,0.07658532411924668
S037,PIM-HMI-Trip,Sheet1,39,,,,ridge,2,4.645422269349092,4.491409843859719,-0.15401242548937333
S038,PIM-HMI-Trip,Sheet1,40,,,,ridge,2,4.5910646070265,4.442457445704627,-0.14860716132187335
S039,PIM-HMI-Trip,Sheet1,41,,,,ridge,2,4.429752280002408,4.152714895888022,-0.2770373841143856
S040,PIM-HMI-Trip,Sheet1,42,,,,ridge,2,4.276461804173244,4.100344570337358,-0.1761172338358854
S041,PIM-HMI-Trip,Sheet1,43,,,,ridge,2,4.24064907462068,4.075909719047281,-0.16473935557339914
S042,PIM-HMI-Trip,Sheet1,44,,,,ridge,2,4.214843848047698,4.063659272450846,-0.15118457559685172
S058,PIM-Trip-TB,Sheet1,60,,,,ridge,2,3.9871745010875417,4.0606115844446835,0.07343708335714183
S059,PIM-Trip-TB,Sheet1,61,,,,ridge,2,3.596707029681446,3.783628563095302,0.1869215334138561
S062,PIM-HPB-2,Sheet1,64,,,,ridge,2,3.57978359661681,3.3388078508597263,-0.2409757457570838
S063,PIM-HPB-2,Sheet1,65,,,,ridge,2,3.378397900948137,3.0358010945432627,-0.34259680640487433
S068,PIM-CN-HPB,Sheet1,70,,,,ridge,2,3.378397900948137,3.2789393573280092,-0.09945854362012785
S069,PIM-CN-HPB,Sheet1,71,,,,ridge,2,3.113943352306837,2.9754505282724644,-0.13849282403437257
S080,KAUST-PI-1,Sheet1,82,,,,ridge,2,3.378216149749878,3.700793036438647,0.32257688668876927
S005,AO−PIM-1,Sheet1,7,,,,ridge,3,3.061829307294699,2.9939704965882985,-0.06785881070640043
S009,Thiophenated vinylated PIM-1,Sheet1,11,,,,ridge,3,3.2392994791268923,3.283176703307591,0.043877224180698615
S016,PIM-1-MePy,Sheet1,18,,,,ridge,3,2.4699692094999595,3.614944184792952,1.1449749752929925
S017,Pristine PIM-1,Sheet1,19,,,,ridge,3,4.073351702386901,3.3044727323069982,-0.768878970079903
S018,Pristine PIM-1,Sheet1,20,,,,ridge,3,3.944975908412048,3.190334989545006,-0.7546409188670422
S019,Pristine PIM-1,Sheet1,21,,,,ridge,3,3.4955443375464483,3.1109541064811133,-0.3845902310653351
S043,PIM-TFM-Btrip,Sheet1,45,,,,ridge,3,4.5276299008713385,4.394239256637631,-0.1333906442337076
S044,PIM-TFM-Btrip,Sheet1,46,,,,ridge,3,4.344392273685111,4.071507669560159,-0.2728846041249522
S045,PIM-TFM-Btrip,Sheet1,47,,,,ridge,3,4.264817823009537,4.022973824748185,-0.24184399826135206
S046,PIM-TFM-Btrip,Sheet1,48,,,,ridge,3,4.230448921378274,3.9986762677811356,-0.2317726535971385
S047,PIM-TFM-Btrip,Sheet1,49,,,,ridge,3,4.193124598354461,3.9785564618953226,-0.21456813645913853
S056,PIM-BTrip-TB,Sheet1,58,,,,ridge,3,4.120738405542943,3.83560793724835,-0.28513046829459254
S057,PIM-BTrip-TB,Sheet1,59,,,,ridge,3,3.617734035364018,3.5393518458483633,-0.07838218951565468
S060,TB-Ad-Me,Sheet1,62,,,,ridge,3,3.2600713879850747,3.450564551475291,0.1904931634902165
S061,TB-Ad-Me,Sheet1,63,,,,ridge,3,2.8027737252919755,3.148918540164942,0.34614481487296667
S011,Adamantane-AO-PIM-1,Sheet1,13,,,,ridge,4,3.3950816511739457,3.062589417959892,-0.33249223321405363
S015,PIM-1-Py,Sheet1,17,,,,ridge,4,2.885643871835764,3.4430936176772713,0.5574497458415073
S032,PIM-DTFM-Btrip,Sheet1,34,,,,ridge,4,4.629409599102719,4.431268834574114,-0.1981407645286053
S033,PIM-DTFM-Btrip,Sheet1,35,,,,ridge,4,4.4623979978989565,4.069009220690004,-0.39338877720895216
S034,PIM-DTFM-Btrip,Sheet1,36,,,,ridge,4,4.359835482339888,3.98442229825423,-0.37541318408565827
S035,PIM-DTFM-Btrip,Sheet1,37,,,,ridge,4,4.227886704613674,3.962396703238619,-0.26549000137505496
S036,PIM-DTFM-Btrip,Sheet1,38,,,,ridge,4,4.1702617153949575,3.9426984081305205,-0.22756330726443696
S053,PIM-EA-TB,Sheet1,55,,,,ridge,4,3.8536982117761744,3.7357038375859406,-0.11799437419023384
S054,PIM-EA-TB,Sheet1,56,,,,ridge,4,3.679427896612119,3.7050231301511563,0.025595233539037032
S055,PIM-EA-TB,Sheet1,57,,,,ridge,4,3.886265059029757,3.3049733646696504,-0.5812916943601065
S064,PIM-CH3-HPB,Sheet1,66,,,,ridge,4,3.418301291319745,3.6190328361956112,0.20073154487586642
S065,PIM-CH3-HPB,Sheet1,67,,,,ridge,4,3.2121876044039577,3.2933531185967335,0.08116551419277585
S070,PIM-PI-12,Sheet1,72,,,,ridge,4,3.865696059916071,3.786059534691967,-0.07963652522410403
S077,4MTBDA-6FDA,Sheet1,79,,,,ridge,4,3.223236273102997,3.744554178782082,0.5213179056790849
S078,4MTBDA-6FDA,Sheet1,80,,,,ridge,4,3.0034605321095067,3.323064782114896,0.3196042500053893
S006,PIM-1-M,Sheet1,8,,,,ridge,5,4.151676230847047,3.2095784179184585,-0.9420978129285889
S010,Vinylated PIM-1,Sheet1,12,,,,ridge,5,3.510545010206612,3.2676013863752207,-0.24294362383139134
S012,PIM-1-SO3H,Sheet1,14,,,,ridge,5,3.142389466118836,3.5132436188393688,0.3708541527205327
S013,PIM-1-SO3H,Sheet1,15,,,,ridge,5,2.795184589682424,3.37008169604752,0.5748971063650958
S014,PIM-1-SO3H,Sheet1,16,,,,ridge,5,2.5575072019056577,3.2302250318997316,0.6727178299940739
S048,PIM-TMN-Trip,Sheet1,50,,,,ridge,5,4.722633922533812,4.362612460665015,-0.36002146186879713
S049,PIM-TMN-Trip,Sheet1,51,,,,ridge,5,4.52244423350632,4.032439872470993,-0.49000436103532685
S050,PIM-TMN-Trip,Sheet1,52,,,,ridge,5,4.413299764081252,3.9813873072196486,-0.4319124568616033
S051,PIM-TMN-Trip,Sheet1,53,,,,ridge,5,4.373794416714731,3.957567294134436,-0.4162271225802954
S052,PIM-TMN-Trip,Sheet1,54,,,,ridge,5,4.309630167425898,3.945625097525069,-0.36400506990082926
S066,PIM-Br-HPB,Sheet1,68,,,,ridge,5,3.3283796034387376,3.6292592840429005,0.3008796806041629
S067,PIM-Br-HPB,Sheet1,69,,,,ridge,5,3.155336037465062,3.333406946187493,0.17807090872243103
S075,4MTBDA-PMDA,Sheet1,77,,,,ridge,5,3.649334858712142,3.346746870981557,-0.3025879877305848
S076,4MTBDA-PMDA,Sheet1,78,,,,ridge,5,3.227629649571009,2.9943917697025535,-0.23323787986845534
S001,COOH-PIM-1,Sheet1,3,,,,random_forest,1,2.792391689498254,3.620155020541531,0.8277633310432773
S002,COOH-PIM-1,Sheet1,4,,,,random_forest,1,1.9842121667614336,3.5140238030369857,1.529811636275552
S004,Thio−PIM-1,Sheet1,6,,,,random_forest,1,3.049218022670181,3.5779125287347737,0.5286945060645927
S008,Brominated vinylated PIM-1,Sheet1,10,,,,random_forest,1,3.2764618041732443,3.406533403184612,0.13007159901136767
S020,PIM-Btrip,Sheet1,22,,,,random_forest,1,4.332438459915605,4.554179783054767,0.22174132313916228
S021,PIM-Btrip,Sheet1,23,,,,random_forest,1,4.12057393120585,4.352086228770149,0.2315122975642998
S022,PIM-Btrip,Sheet1,24,,,,random_forest,1,3.576341350205793,4.186419465750802,0.6100781155450092
S023,PIM-Btrip,Sheet1,25,,,,random_forest,1,4.02938377768521,4.289276520794796,0.2598927431095861
S024,PIM-Btrip,Sheet1,26,,,,random_forest,1,3.9041743682841634,4.261111663021297,0.35693729473713365
S025,PIM-Btrip,Sheet1,27,,,,random_forest,1,3.782472624166286,4.206706946521525,0.4242343223552387
S026,PIM-Btrip,Sheet1,28,,,,random_forest,1,3.638489256954637,4.186419465750802,0.5479302087961653
S027,PIM-Btrip,Sheet1,29,,,,random_forest,1,3.963787827345555,4.541782533573789,0.577994706228234
S028,PIM-Btrip,Sheet1,30,,,,random_forest,1,3.781036938621132,4.397290387262995,0.6162534486418627
S029,PIM-Btrip,Sheet1,31,,,,random_forest,1,3.777426822389312,4.288925752994089,0.5114989306047772
S030,PIM-Btrip,Sheet1,32,,,,random_forest,1,3.711807229041191,4.236093744937545,0.5242865158963537
S007,PIM-1-MBr,Sheet1,9,,,,random_forest,2,3.505149978319906,3.372017783310311,-0.13313219500959494
S031,PIM-DM-Btrip,Sheet1,33,,,,random_forest,2,4.342422680822207,4.60518600289076,0.2627633220685537
S037,PIM-HMI-Trip,Sheet1,39,,,,random_forest,2,4.645422269349092,4.609919149735227,-0.035503119613864875
S038,PIM-HMI-Trip,Sheet1,40,,,,random_forest,2,4.5910646070265,4.5857071820109905,-0.005357425015509953
S039,PIM-HMI-Trip,Sheet1,41,,,,random_forest,2,4.429752280002408,4.447003980894915,0.017251700892507493
S040,PIM-HMI-Trip,Sheet1,42,,,,random_forest,2,4.276461804173244,4.344304830758583,0.06784302658533914
S041,PIM-HMI-Trip,Sheet1,43,,,,random_forest,2,4.24064907462068,4.306323785011921,0.0656747103912414
S042,PIM-HMI-Trip,Sheet1,44,,,,random_forest,2,4.214843848047698,4.241256465353543,0.02641261730584521
S058,PIM-Trip-TB,Sheet1,60,,,,random_forest,2,3.9871745010875417,3.8727090283674697,-0.11446547272007201
S059,PIM-Trip-TB,Sheet1,61,,,,random_forest,2,3.596707029681446,3.6494109693716092,0.05270393969016318
S062,PIM-HPB-2,Sheet1,64,,,,random_forest,2,3.57978359661681,3.353310046841131,-0.22647354977567913
S063,PIM-HPB-2,Sheet1,65,,,,random_forest,2,3.378397900948137,3.2038051283158184,-0.17459277263231865
S068,PIM-CN-HPB,Sheet1,70,,,,random_forest,2,3.378397900948137,3.254011634057971,-0.1243862668901663
S069,PIM-CN-HPB,Sheet1,71,,,,random_forest,2,3.113943352306837,3.041802500673286,-0.07214085163355088
S080,KAUST-PI-1,Sheet1,82,,,,random_forest,2,3.378216149749878,3.325580792660414,-0.05263535708946376
S005,AO−PIM-1,Sheet1,7,,,,random_forest,3,3.061829307294699,3.096006000110612,0.03417669281591307
S009,Thiophenated vinylated PIM-1,Sheet1,11,,,,random_forest,3,3.2392994791268923,3.3910585625856924,0.15175908345880007
S016,PIM-1-MePy,Sheet1,18,,,,random_forest,3,2.4699692094999595,3.3385706405204996,0.8686014310205401
S017,Pristine PIM-1,Sheet1,19,,,,random_forest,3,4.073351702386901,3.2867889657015166,-0.7865627366853847
S018,Pristine PIM-1,Sheet1,20,,,,random_forest,3,3.944975908412048,3.135843353433425,-0.809132554978623
S019,Pristine PIM-1,Sheet1,21,,,,random_forest,3,3.4955443375464483,2.9817998968256436,-0.5137444407208047
S043,PIM-TFM-Btrip,Sheet1,45,,,,random_forest,3,4.5276299008713385,4.261677540705257,-0.26595236016608137
S044,PIM-TFM-Btrip,Sheet1,46,,,,random_forest,3,4.344392273685111,4.102658502354046,-0.24173377133106477
S045,PIM-TFM-Btrip,Sheet1,47,,,,random_forest,3,4.264817823009537,4.019614276752291,-0.24520354625724572
S046,PIM-TFM-Btrip,Sheet1,48,,,,random_forest,3,4.230448921378274,3.9378873605069686,-0.29256156087130547
S047,PIM-TFM-Btrip,Sheet1,49,,,,random_forest,3,4.193124598354461,3.8527135635299525,-0.34041103482450863
S056,PIM-BTrip-TB,Sheet1,58,,,,random_forest,3,4.120738405542943,3.885420062210301,-0.2353183433326418
S057,PIM-BTrip-TB,Sheet1,59,,,,random_forest,3,3.617734035364018,3.691901413741631,0.07416737837761289
S060,TB-Ad-Me,Sheet1,62,,,,random_forest,3,3.2600713879850747,3.616316186062212,0.3562447980771375
S061,TB-Ad-Me,Sheet1,63,,,,random_forest,3,2.8027737252919755,3.40730131201321,0.6045275867212343
S011,Adamantane-AO-PIM-1,Sheet1,13,,,,random_forest,4,3.3950816511739457,3.0844950473777093,-0.31058660379623637
S015,PIM-1-Py,Sheet1,17,,,,random_forest,4,2.885643871835764,3.056870936000072,0.1712270641643081
S032,PIM-DTFM-Btrip,Sheet1,34,,,,random_forest,4,4.629409599102719,4.386266191333051,-0.24314340776966858
S033,PIM-DTFM-Btrip,Sheet1,35,,,,random_forest,4,4.4623979978989565,4.2522668641980115,-0.21013113370094505
S034,PIM-DTFM-Btrip,Sheet1,36,,,,random_forest,4,4.359835482339888,4.097471663533301,-0.26236381880658755
S035,PIM-DTFM-Btrip,Sheet1,37,,,,random_forest,4,4.227886704613674,4.066962569812905,-0.16092413480076928
S036,PIM-DTFM-Btrip,Sheet1,38,,,,random_forest,4,4.1702617153949575,4.046894664408656,-0.12336705098630141
S053,PIM-EA-TB,Sheet1,55,,,,random_forest,4,3.8536982117761744,3.5792071306946567,-0.27449108108151776
S054,PIM-EA-TB,Sheet1,56,,,,random_forest,4,3.679427896612119,3.564980116646909,-0.11444777996521038
S055,PIM-EA-TB,Sheet1,57,,,,random_forest,4,3.886265059029757,3.339077849635753,-0.547187209394004
S064,PIM-CH3-HPB,Sheet1,66,,,,random_forest,4,3.418301291319745,3.3845775112057987,-0.033723780113946056
S065,PIM-CH3-HPB,Sheet1,67,,,,random_forest,4,3.2121876044039577,3.209778222773993,-0.0024093816299646242
S070,PIM-PI-12,Sheet1,72,,,,random_forest,4,3.865696059916071,3.5804188003706634,-0.2852772595454076
S077,4MTBDA-6FDA,Sheet1,79,,,,random_forest,4,3.223236273102997,3.533036731113322,0.30980045801032485
S078,4MTBDA-6FDA,Sheet1,80,,,,random_forest,4,3.0034605321095067,3.316085958165979,0.3126254260564725
S006,PIM-1-M,Sheet1,8,,,,random_forest,5,4.151676230847047,3.231243741138448,-0.9204324897085994
S010,Vinylated PIM-1,Sheet1,12,,,,random_forest,5,3.510545010206612,3.23374883135936,-0.27679617884725216
S012,PIM-1-SO3H,Sheet1,14,,,,random_forest,5,3.142389466118836,3.971651589850126,0.82926212373129
S013,PIM-1-SO3H,Sheet1,15,,,,random_forest,5,2.795184589682424,3.8958196101289984,1.1006350204465742
S014,PIM-1-SO3H,Sheet1,16,,,,random_forest,5,2.5575072019056577,3.767520292699661,1.2100130907940034
S048,PIM-TMN-Trip,Sheet1,50,,,,random_forest,5,4.722633922533812,4.5890355680754915,-0.13359835445832058
S049,PIM-TMN-Trip,Sheet1,51,,,,random_forest,5,4.52244423350632,4.4238420891027985,-0.09860214440352166
S050,PIM-TMN-Trip,Sheet1,52,,,,random_forest,5,4.413299764081252,4.276616350161828,-0.13668341391942374
S051,PIM-TMN-Trip,Sheet1,53,,,,random_forest,5,4.373794416714731,4.25995015671473,-0.11384426000000136
S052,PIM-TMN-Trip,Sheet1,54,,,,random_forest,5,4.309630167425898,4.22291289749294,-0.08671726993295792
S066,PIM-Br-HPB,Sheet1,68,,,,random_forest,5,3.3283796034387376,3.385767680470689,0.05738807703195148
S067,PIM-Br-HPB,Sheet1,69,,,,random_forest,5,3.155336037465062,3.2318229752715495,0.07648693780648763
S075,4MTBDA-PMDA,Sheet1,77,,,,random_forest,5,3.649334858712142,3.3484285160973504,-0.30090634261479154
S076,4MTBDA-PMDA,Sheet1,78,,,,random_forest,5,3.227629649571009,3.146756295529953,-0.080873354041056
S001,COOH-PIM-1,Sheet1,3,,,,svr,1,2.792391689498254,3.6897558463901508,0.8973641568918969
S002,COOH-PIM-1,Sheet1,4,,,,svr,1,1.9842121667614336,3.596194757747698,1.6119825909862644
S004,Thio−PIM-1,Sheet1,6,,,,svr,1,3.049218022670181,3.667919908933893,0.6187018862637119
S008,Brominated vinylated PIM-1,Sheet1,10,,,,svr,1,3.2764618041732443,3.5703158173067635,0.2938540131335192
S020,PIM-Btrip,Sheet1,22,,,,svr,1,4.332438459915605,4.498093883122473,0.16565542320686788
S021,PIM-Btrip,Sheet1,23,,,,svr,1,4.12057393120585,4.230926033433909,0.11035210222805958
S022,PIM-Btrip,Sheet1,24,,,,svr,1,3.576341350205793,4.131921275675542,0.5555799254697491
S023,PIM-Btrip,Sheet1,25,,,,svr,1,4.02938377768521,4.192653167078068,0.16326938939285807
S024,PIM-Btrip,Sheet1,26,,,,svr,1,3.9041743682841634,4.171405472045131,0.2672311037609676
S025,PIM-Btrip,Sheet1,27,,,,svr,1,3.782472624166286,4.154255778265997,0.3717831540997105
S026,PIM-Btrip,Sheet1,28,,,,svr,1,3.638489256954637,4.139296742874699,0.5008074859200624
S027,PIM-Btrip,Sheet1,29,,,,svr,1,3.963787827345555,4.401912738869381,0.43812491152382593
S028,PIM-Btrip,Sheet1,30,,,,svr,1,3.781036938621132,4.1519351759671945,0.3708982373460623
S029,PIM-Btrip,Sheet1,31,,,,svr,1,3.777426822389312,4.111236740777706,0.3338099183883938
S030,PIM-Btrip,Sheet1,32,,,,svr,1,3.711807229041191,4.090158899214579,0.3783516701733878
S007,PIM-1-MBr,Sheet1,9,,,,svr,2,3.505149978319906,3.528115960425775,0.022965982105869198
S031,PIM-DM-Btrip,Sheet1,33,,,,svr,2,4.342422680822207,4.374627106874066,0.03220442605185969
S037,PIM-HMI-Trip,Sheet1,39,,,,svr,2,4.645422269349092,4.23127659289684,-0.414145676452252
S038,PIM-HMI-Trip,Sheet1,40,,,,svr,2,4.5910646070265,4.1926298310470225,-0.39843477597947796
S039,PIM-HMI-Trip,Sheet1,41,,,,svr,2,4.429752280002408,3.952559954207291,-0.4771923257951167
S040,PIM-HMI-Trip,Sheet1,42,,,,svr,2,4.276461804173244,3.9077289705601532,-0.3687328336130906
S041,PIM-HMI-Trip,Sheet1,43,,,,svr,2,4.24064907462068,3.886724223599805,-0.3539248510208748
S042,PIM-HMI-Trip,Sheet1,44,,,,svr,2,4.214843848047698,3.876176205489651,-0.3386676425580468
S058,PIM-Trip-TB,Sheet1,60,,,,svr,2,3.9871745010875417,3.9826468358690086,-0.0045276652185330946
S059,PIM-Trip-TB,Sheet1,61,,,,svr,2,3.596707029681446,3.737373833344417,0.1406668036629708
S062,PIM-HPB-2,Sheet1,64,,,,svr,2,3.57978359661681,3.4128359106678468,-0.16694768594896336
S063,PIM-HPB-2,Sheet1,65,,,,svr,2,3.378397900948137,3.293852538721618,-0.08454536222651887
S068,PIM-CN-HPB,Sheet1,70,,,,svr,2,3.378397900948137,3.3649470013419207,-0.013450899606216371
S069,PIM-CN-HPB,Sheet1,71,,,,svr,2,3.113943352306837,3.2768854976932293,0.1629421453863924
S080,KAUST-PI-1,Sheet1,82,,,,svr,2,3.378216149749878,3.3801025279819235,0.0018863782320455158
S005,AO−PIM-1,Sheet1,7,,,,svr,3,3.061829307294699,3.268755770190048,0.20692646289534888
S009,Thiophenated vinylated PIM-1,Sheet1,11,,,,svr,3,3.2392994791268923,3.475554993788052,0.2362555146611598
S016,PIM-1-MePy,Sheet1,18,,,,svr,3,2.4699692094999595,3.493140034041498,1.0231708245415385
S017,Pristine PIM-1,Sheet1,19,,,,svr,3,4.073351702386901,3.465760334946314,-0.6075913674405871
S018,Pristine PIM-1,Sheet1,20,,,,svr,3,3.944975908412048,3.4064565927215535,-0.5385193156904946
S019,Pristine PIM-1,Sheet1,21,,,,svr,3,3.4955443375464483,3.3650386447200535,-0.1305056928263948
S043,PIM-TFM-Btrip,Sheet1,45,,,,svr,3,4.5276299008713385,4.028482174011116,-0.49914772686022246
S044,PIM-TFM-Btrip,Sheet1,46,,,,svr,3,4.344392273685111,3.862587981222914,-0.481804292462197
S045,PIM-TFM-Btrip,Sheet1,47,,,,svr,3,4.264817823009537,3.8363433544852517,-0.42847446852428517
S046,PIM-TFM-Btrip,Sheet1,48,,,,svr,3,4.230448921378274,3.8231244147325025,-0.4073245066457716
S047,PIM-TFM-Btrip,Sheet1,49,,,,svr,3,4.193124598354461,3.8121436586874258,-0.3809809396670354
S056,PIM-BTrip-TB,Sheet1,58,,,,svr,3,4.120738405542943,3.8447500097079095,-0.2759883958350331
S057,PIM-BTrip-TB,Sheet1,59,,,,svr,3,3.617734035364018,3.6490139088805056,0.031279873516487644
S060,TB-Ad-Me,Sheet1,62,,,,svr,3,3.2600713879850747,3.441310116329834,0.18123872834475918
S061,TB-Ad-Me,Sheet1,63,,,,svr,3,2.8027737252919755,3.420481915332974,0.6177081900409984
S011,Adamantane-AO-PIM-1,Sheet1,13,,,,svr,4,3.3950816511739457,3.2803217977251244,-0.11475985344882123
S015,PIM-1-Py,Sheet1,17,,,,svr,4,2.885643871835764,3.4816029617361273,0.5959590899003633
S032,PIM-DTFM-Btrip,Sheet1,34,,,,svr,4,4.629409599102719,4.023492577248273,-0.6059170218544461
S033,PIM-DTFM-Btrip,Sheet1,35,,,,svr,4,4.4623979978989565,3.8239859457336056,-0.6384120521653509
S034,PIM-DTFM-Btrip,Sheet1,36,,,,svr,4,4.359835482339888,3.7749679556643323,-0.5848675266755561
S035,PIM-DTFM-Btrip,Sheet1,37,,,,svr,4,4.227886704613674,3.762120931921277,-0.46576577269239694
S036,PIM-DTFM-Btrip,Sheet1,38,,,,svr,4,4.1702617153949575,3.7506087541166577,-0.41965296127829976
S053,PIM-EA-TB,Sheet1,55,,,,svr,4,3.8536982117761744,3.595763138941826,-0.2579350728343486
S054,PIM-EA-TB,Sheet1,56,,,,svr,4,3.679427896612119,3.58117636981761,-0.09825152679450921
S055,PIM-EA-TB,Sheet1,57,,,,svr,4,3.886265059029757,3.3931846801947687,-0.49308037883498823
S064,PIM-CH3-HPB,Sheet1,66,,,,svr,4,3.418301291319745,3.503114495075484,0.08481320375573898
S065,PIM-CH3-HPB,Sheet1,67,,,,svr,4,3.2121876044039577,3.3789817282571093,0.16679412385315162
S070,PIM-PI-12,Sheet1,72,,,,svr,4,3.865696059916071,3.5503737147743863,-0.31532234514168467
S077,4MTBDA-6FDA,Sheet1,79,,,,svr,4,3.223236273102997,3.419740069605602,0.19650379650260508
S078,4MTBDA-6FDA,Sheet1,80,,,,svr,4,3.0034605321095067,3.327015034667361,0.3235545025578541
S006,PIM-1-M,Sheet1,8,,,,svr,5,4.151676230847047,3.3944260485923095,-0.757250182254738
S010,Vinylated PIM-1,Sheet1,12,,,,svr,5,3.510545010206612,3.3559629396354302,-0.15458207057118178
S012,PIM-1-SO3H,Sheet1,14,,,,svr,5,3.142389466118836,3.495093523499484,0.3527040573806479
S013,PIM-1-SO3H,Sheet1,15,,,,svr,5,2.795184589682424,3.448112746771368,0.6529281570889438
S014,PIM-1-SO3H,Sheet1,16,,,,svr,5,2.5575072019056577,3.401182111325633,0.8436749094199754
S048,PIM-TMN-Trip,Sheet1,50,,,,svr,5,4.722633922533812,4.309335172116542,-0.4132987504172698
S049,PIM-TMN-Trip,Sheet1,51,,,,svr,5,4.52244423350632,4.015430945470397,-0.5070132880359228
S050,PIM-TMN-Trip,Sheet1,52,,,,svr,5,4.413299764081252,3.9680230934072798,-0.44527667067397214
S051,PIM-TMN-Trip,Sheet1,53,,,,svr,5,4.373794416714731,3.9458004165472307,-0.42799400016750067
S052,PIM-TMN-Trip,Sheet1,54,,,,svr,5,4.309630167425898,3.9346383317573155,-0.37499183566858285
S066,PIM-Br-HPB,Sheet1,68,,,,svr,5,3.3283796034387376,3.4399808922300688,0.11160128879133113
S067,PIM-Br-HPB,Sheet1,69,,,,svr,5,3.155336037465062,3.3533429732173645,0.19800693575230266
S075,4MTBDA-PMDA,Sheet1,77,,,,svr,5,3.649334858712142,3.3236909112727377,-0.32564394743940417
S076,4MTBDA-PMDA,Sheet1,78,,,,svr,5,3.227629649571009,3.300002748330802,0.07237309875979303
S001,COOH-PIM-1,Sheet1,3,,,,hist_gb,1,2.792391689498254,3.162037351333099,0.36964566183484493
S002,COOH-PIM-1,Sheet1,4,,,,hist_gb,1,1.9842121667614336,3.0987955659705495,1.1145833992091159
S004,Thio−PIM-1,Sheet1,6,,,,hist_gb,1,3.049218022670181,3.162037351333099,0.11281932866291777
S008,Brominated vinylated PIM-1,Sheet1,10,,,,hist_gb,1,3.2764618041732443,3.1755399430800613,-0.10092186109318302
S020,PIM-Btrip,Sheet1,22,,,,hist_gb,1,4.332438459915605,4.442808005405915,0.1103695454903102
S021,PIM-Btrip,Sheet1,23,,,,hist_gb,1,4.12057393120585,4.280893197516805,0.16031926631095583
S022,PIM-Btrip,Sheet1,24,,,,hist_gb,1,3.576341350205793,4.280893197516805,0.7045518473110124
S023,PIM-Btrip,Sheet1,25,,,,hist_gb,1,4.02938377768521,4.280893197516805,0.2515094198315957
S024,PIM-Btrip,Sheet1,26,,,,hist_gb,1,3.9041743682841634,4.280893197516805,0.376718829232642
S025,PIM-Btrip,Sheet1,27,,,,hist_gb,1,3.782472624166286,4.280893197516805,0.49842057335051937
S026,PIM-Btrip,Sheet1,28,,,,hist_gb,1,3.638489256954637,4.280893197516805,0.6424039405621684
S027,PIM-Btrip,Sheet1,29,,,,hist_gb,1,3.963787827345555,4.442808005405915,0.47902017806036
S028,PIM-Btrip,Sheet1,30,,,,hist_gb,1,3.781036938621132,4.280893197516805,0.4998562588956732
S029,PIM-Btrip,Sheet1,31,,,,hist_gb,1,3.777426822389312,4.280893197516805,0.5034663751274935
S030,PIM-Btrip,Sheet1,32,,,,hist_gb,1,3.711807229041191,4.280893197516805,0.5690859684756142
S007,PIM-1-MBr,Sheet1,9,,,,hist_gb,2,3.505149978319906,3.116002311467714,-0.38914766685219204
S031,PIM-DM-Btrip,Sheet1,33,,,,hist_gb,2,4.342422680822207,4.439432132833573,0.09700945201136602
S037,PIM-HMI-Trip,Sheet1,39,,,,hist_gb,2,4.645422269349092,4.439432132833573,-0.20599013651551967
S038,PIM-HMI-Trip,Sheet1,40,,,,hist_gb,2,4.5910646070265,4.439432132833573,-0.1516324741929278
S039,PIM-HMI-Trip,Sheet1,41,,,,hist_gb,2,4.429752280002408,4.250869684458404,-0.1788825955440032
S040,PIM-HMI-Trip,Sheet1,42,,,,hist_gb,2,4.276461804173244,4.250869684458404,-0.025592119714839434
S041,PIM-HMI-Trip,Sheet1,43,,,,hist_gb,2,4.24064907462068,4.250869684458404,0.010220609837724659
S042,PIM-HMI-Trip,Sheet1,44,,,,hist_gb,2,4.214843848047698,4.250869684458404,0.03602583641070645
S058,PIM-Trip-TB,Sheet1,60,,,,hist_gb,2,3.9871745010875417,3.795746117511413,-0.1914283835761288
S059,PIM-Trip-TB,Sheet1,61,,,,hist_gb,2,3.596707029681446,3.6071836691362438,0.01047663945479771
S062,PIM-HPB-2,Sheet1,64,,,,hist_gb,2,3.57978359661681,3.3412620237355446,-0.23852157288126552
S063,PIM-HPB-2,Sheet1,65,,,,hist_gb,2,3.378397900948137,3.1526995753603755,-0.2256983255877616
S068,PIM-CN-HPB,Sheet1,70,,,,hist_gb,2,3.378397900948137,3.4248533514689385,0.04645545052080147
S069,PIM-CN-HPB,Sheet1,71,,,,hist_gb,2,3.113943352306837,3.2362909030937694,0.12234755078693249
S080,KAUST-PI-1,Sheet1,82,,,,hist_gb,2,3.378216149749878,3.185808729955347,-0.1924074197945309
S005,AO−PIM-1,Sheet1,7,,,,hist_gb,3,3.061829307294699,3.403384169658172,0.341554862363473
S009,Thiophenated vinylated PIM-1,Sheet1,11,,,,hist_gb,3,3.2392994791268923,3.5896482997418886,0.3503488206149963
S016,PIM-1-MePy,Sheet1,18,,,,hist_gb,3,2.4699692094999595,3.3817228394301773,0.9117536299302178
S017,Pristine PIM-1,Sheet1,19,,,,hist_gb,3,4.073351702386901,3.403384169658172,-0.6699675327287293
S018,Pristine PIM-1,Sheet1,20,,,,hist_gb,3,3.944975908412048,3.156310109706783,-0.788665798705265
S019,Pristine PIM-1,Sheet1,21,,,,hist_gb,3,3.4955443375464483,3.156310109706783,-0.33923422783966517
S043,PIM-TFM-Btrip,Sheet1,45,,,,hist_gb,3,4.5276299008713385,4.107325694480635,-0.4203042063907034
S044,PIM-TFM-Btrip,Sheet1,46,,,,hist_gb,3,4.344392273685111,3.8602516345292504,-0.4841406391558607
S045,PIM-TFM-Btrip,Sheet1,47,,,,hist_gb,3,4.264817823009537,3.8602516345292504,-0.40456618848028647
S046,PIM-TFM-Btrip,Sheet1,48,,,,hist_gb,3,4.230448921378274,3.8602516345292504,-0.37019728684902375
S047,PIM-TFM-Btrip,Sheet1,49,,,,hist_gb,3,4.193124598354461,3.8602516345292504,-0.3328729638252108
S056,PIM-BTrip-TB,Sheet1,58,,,,hist_gb,3,4.120738405542943,3.716537670139315,-0.40420073540362766
S057,PIM-BTrip-TB,Sheet1,59,,,,hist_gb,3,3.617734035364018,3.469463610187926,-0.1482704251760918
S060,TB-Ad-Me,Sheet1,62,,,,hist_gb,3,3.2600713879850747,3.403384169658172,0.14331278167309724
S061,TB-Ad-Me,Sheet1,63,,,,hist_gb,3,2.8027737252919755,3.156310109706783,0.3535363844148076
S011,Adamantane-AO-PIM-1,Sheet1,13,,,,hist_gb,4,3.3950816511739457,3.4673510662126077,0.07226941503866202
S015,PIM-1-Py,Sheet1,17,,,,hist_gb,4,2.885643871835764,3.2495125950524444,0.3638687232166804
S032,PIM-DTFM-Btrip,Sheet1,34,,,,hist_gb,4,4.629409599102719,4.344140431772822,-0.28526916732989704
S033,PIM-DTFM-Btrip,Sheet1,35,,,,hist_gb,4,4.4623979978989565,4.221130127251358,-0.24126787064759814
S034,PIM-DTFM-Btrip,Sheet1,36,,,,hist_gb,4,4.359835482339888,4.221130127251358,-0.13870535508853
S035,PIM-DTFM-Btrip,Sheet1,37,,,,hist_gb,4,4.227886704613674,4.221130127251358,-0.006756577362315497
S036,PIM-DTFM-Btrip,Sheet1,38,,,,hist_gb,4,4.1702617153949575,4.221130127251358,0.0508684118564009
S053,PIM-EA-TB,Sheet1,55,,,,hist_gb,4,3.8536982117761744,3.324540535434242,-0.5291576763419323
S054,PIM-EA-TB,Sheet1,56,,,,hist_gb,4,3.679427896612119,3.324540535434242,-0.3548873611778771
S055,PIM-EA-TB,Sheet1,57,,,,hist_gb,4,3.886265059029757,3.395039819181176,-0.491225239848581
S064,PIM-CH3-HPB,Sheet1,66,,,,hist_gb,4,3.418301291319745,3.506088909686772,0.08778761836702698
S065,PIM-CH3-HPB,Sheet1,67,,,,hist_gb,4,3.2121876044039577,3.3830786051653106,0.17089100076135288
S070,PIM-PI-12,Sheet1,72,,,,hist_gb,4,3.865696059916071,3.4673510662126077,-0.3983449937034633
S077,4MTBDA-6FDA,Sheet1,79,,,,hist_gb,4,3.223236273102997,3.506088909686772,0.2828526365837747
S078,4MTBDA-6FDA,Sheet1,80,,,,hist_gb,4,3.0034605321095067,3.3830786051653106,0.37961807305580386
S006,PIM-1-M,Sheet1,8,,,,hist_gb,5,4.151676230847047,3.1303828393691138,-1.0212933914779336
S010,Vinylated PIM-1,Sheet1,12,,,,hist_gb,5,3.510545010206612,3.1303828393691138,-0.38016217083749826
S012,PIM-1-SO3H,Sheet1,14,,,,hist_gb,5,3.142389466118836,3.786684565685613,0.6442950995667771
S013,PIM-1-SO3H,Sheet1,15,,,,hist_gb,5,2.795184589682424,3.786684565685613,0.9914999760031891
S014,PIM-1-SO3H,Sheet1,16,,,,hist_gb,5,2.5575072019056577,3.707359607256644,1.1498524053509862
S048,PIM-TMN-Trip,Sheet1,50,,,,hist_gb,5,4.722633922533812,4.46008692784071,-0.2625469946931025
S049,PIM-TMN-Trip,Sheet1,51,,,,hist_gb,5,4.52244423350632,4.380761969411739,-0.14168226409458118
S050,PIM-TMN-Trip,Sheet1,52,,,,hist_gb,5,4.413299764081252,4.2753465002889515,-0.13795326379230044
S051,PIM-TMN-Trip,Sheet1,53,,,,hist_gb,5,4.373794416714731,4.2753465002889515,-0.09844791642577988
S052,PIM-TMN-Trip,Sheet1,54,,,,hist_gb,5,4.309630167425898,4.2753465002889515,-0.03428366713694686
S066,PIM-Br-HPB,Sheet1,68,,,,hist_gb,5,3.3283796034387376,3.39084294900898,0.06246334557024236
S067,PIM-Br-HPB,Sheet1,69,,,,hist_gb,5,3.155336037465062,3.2061025214572245,0.05076648399216266
S075,4MTBDA-PMDA,Sheet1,77,,,,hist_gb,5,3.649334858712142,3.21300598745801,-0.436328871254132
S076,4MTBDA-PMDA,Sheet1,78,,,,hist_gb,5,3.227629649571009,3.0282655599062545,-0.19936408966475438
S001,COOH-PIM-1,Sheet1,3,,,,xgboost,1,2.792391689498254,3.7140066623687744,0.9216149728705205
S002,COOH-PIM-1,Sheet1,4,,,,xgboost,1,1.9842121667614336,3.398080348968506,1.4138681822070722
S004,Thio−PIM-1,Sheet1,6,,,,xgboost,1,3.049218022670181,3.3600914478302,0.31087342516001915
S008,Brominated vinylated PIM-1,Sheet1,10,,,,xgboost,1,3.2764618041732443,3.321467399597168,0.04500559542392368
S020,PIM-Btrip,Sheet1,22,,,,xgboost,1,4.332438459915605,4.531250476837158,0.19881201692155326
S021,PIM-Btrip,Sheet1,23,,,,xgboost,1,4.12057393120585,4.354531764984131,0.23395783377828128
S022,PIM-Btrip,Sheet1,24,,,,xgboost,1,3.576341350205793,4.1676225662231445,0.5912812160173515
S023,PIM-Btrip,Sheet1,25,,,,xgboost,1,4.02938377768521,4.3387885093688965,0.30940473168368676
S024,PIM-Btrip,Sheet1,26,,,,xgboost,1,3.9041743682841634,4.306166648864746,0.4019922805805827
S025,PIM-Btrip,Sheet1,27,,,,xgboost,1,3.782472624166286,4.2150421142578125,0.43256949009152645
S026,PIM-Btrip,Sheet1,28,,,,xgboost,1,3.638489256954637,4.16822624206543,0.5297369851107927
S027,PIM-Btrip,Sheet1,29,,,,xgboost,1,3.963787827345555,4.531137943267822,0.5673501159222671
S028,PIM-Btrip,Sheet1,30,,,,xgboost,1,3.781036938621132,4.463770389556885,0.6827334509357526
S029,PIM-Btrip,Sheet1,31,,,,xgboost,1,3.777426822389312,4.340293884277344,0.5628670618880318
S030,PIM-Btrip,Sheet1,32,,,,xgboost,1,3.711807229041191,4.255987167358398,0.5441799383172072
S007,PIM-1-MBr,Sheet1,9,,,,xgboost,2,3.505149978319906,3.150608777999878,-0.3545412003200279
S031,PIM-DM-Btrip,Sheet1,33,,,,xgboost,2,4.342422680822207,4.625171661376953,0.2827489805547465
S037,PIM-HMI-Trip,Sheet1,39,,,,xgboost,2,4.645422269349092,4.623251438140869,-0.022170831208223163
S038,PIM-HMI-Trip,Sheet1,40,,,,xgboost,2,4.5910646070265,4.50296688079834,-0.08809772622816059
S039,PIM-HMI-Trip,Sheet1,41,,,,xgboost,2,4.429752280002408,4.438183307647705,0.008431027645297462
S040,PIM-HMI-Trip,Sheet1,42,,,,xgboost,2,4.276461804173244,4.359218597412109,0.08275679323886553
S041,PIM-HMI-Trip,Sheet1,43,,,,xgboost,2,4.24064907462068,4.311488628387451,0.07083955376677142
S042,PIM-HMI-Trip,Sheet1,44,,,,xgboost,2,4.214843848047698,4.258392333984375,0.04354848593667704
S058,PIM-Trip-TB,Sheet1,60,,,,xgboost,2,3.9871745010875417,4.228394031524658,0.24121953043711652
S059,PIM-Trip-TB,Sheet1,61,,,,xgboost,2,3.596707029681446,3.8986520767211914,0.30194504703974534
S062,PIM-HPB-2,Sheet1,64,,,,xgboost,2,3.57978359661681,3.342543125152588,-0.23724047146422222
S063,PIM-HPB-2,Sheet1,65,,,,xgboost,2,3.378397900948137,3.188807725906372,-0.189590175041765
S068,PIM-CN-HPB,Sheet1,70,,,,xgboost,2,3.378397900948137,3.1933882236480713,-0.1850096773000658
S069,PIM-CN-HPB,Sheet1,71,,,,xgboost,2,3.113943352306837,3.0131120681762695,-0.10083128413056741
S080,KAUST-PI-1,Sheet1,82,,,,xgboost,2,3.378216149749878,3.461581230163574,0.08336508041369628
S005,AO−PIM-1,Sheet1,7,,,,xgboost,3,3.061829307294699,2.9749062061309814,-0.08692310116371749
S009,Thiophenated vinylated PIM-1,Sheet1,11,,,,xgboost,3,3.2392994791268923,3.4330451488494873,0.193745669722595
S016,PIM-1-MePy,Sheet1,18,,,,xgboost,3,2.4699692094999595,3.188746690750122,0.7187774812501626
S017,Pristine PIM-1,Sheet1,19,,,,xgboost,3,4.073351702386901,3.217923164367676,-0.8554285380192255
S018,Pristine PIM-1,Sheet1,20,,,,xgboost,3,3.944975908412048,2.917616367340088,-1.0273595410719603
S019,Pristine PIM-1,Sheet1,21,,,,xgboost,3,3.4955443375464483,2.7483043670654297,-0.7472399704810186
S043,PIM-TFM-Btrip,Sheet1,45,,,,xgboost,3,4.5276299008713385,4.561798095703125,0.03416819483178646
S044,PIM-TFM-Btrip,Sheet1,46,,,,xgboost,3,4.344392273685111,4.398247241973877,0.0538549682887659
S045,PIM-TFM-Btrip,Sheet1,47,,,,xgboost,3,4.264817823009537,4.30054235458374,0.03572453157420341
S046,PIM-TFM-Btrip,Sheet1,48,,,,xgboost,3,4.230448921378274,4.2455363273620605,0.01508740598378644
S047,PIM-TFM-Btrip,Sheet1,49,,,,xgboost,3,4.193124598354461,4.146369457244873,-0.046755141109588116
S056,PIM-BTrip-TB,Sheet1,58,,,,xgboost,3,4.120738405542943,4.0020341873168945,-0.11870421822604804
S057,PIM-BTrip-TB,Sheet1,59,,,,xgboost,3,3.617734035364018,3.590259075164795,-0.02747496019922302
S060,TB-Ad-Me,Sheet1,62,,,,xgboost,3,3.2600713879850747,3.337782859802246,0.07771147181717142
S061,TB-Ad-Me,Sheet1,63,,,,xgboost,3,2.8027737252919755,3.158574104309082,0.3558003790171065
S011,Adamantane-AO-PIM-1,Sheet1,13,,,,xgboost,4,3.3950816511739457,3.0595626831054688,-0.3355189680684769
S015,PIM-1-Py,Sheet1,17,,,,xgboost,4,2.885643871835764,2.89461612701416,0.008972255178396171
S032,PIM-DTFM-Btrip,Sheet1,34,,,,xgboost,4,4.629409599102719,4.346189975738525,-0.28321962336419393
S033,PIM-DTFM-Btrip,Sheet1,35,,,,xgboost,4,4.4623979978989565,4.253318786621094,-0.20907921127786278
S034,PIM-DTFM-Btrip,Sheet1,36,,,,xgboost,4,4.359835482339888,4.126360893249512,-0.23347458909037666
S035,PIM-DTFM-Btrip,Sheet1,37,,,,xgboost,4,4.227886704613674,4.109563827514648,-0.11832287709902545
S036,PIM-DTFM-Btrip,Sheet1,38,,,,xgboost,4,4.1702617153949575,4.080584526062012,-0.08967718933294577
S053,PIM-EA-TB,Sheet1,55,,,,xgboost,4,3.8536982117761744,3.4165728092193604,-0.4371254025568141
S054,PIM-EA-TB,Sheet1,56,,,,xgboost,4,3.679427896612119,3.4165728092193604,-0.26285508739275887
S055,PIM-EA-TB,Sheet1,57,,,,xgboost,4,3.886265059029757,2.86478590965271,-1.021479149377047
S064,PIM-CH3-HPB,Sheet1,66,,,,xgboost,4,3.418301291319745,3.3730111122131348,-0.04529017910661004
S065,PIM-CH3-HPB,Sheet1,67,,,,xgboost,4,3.2121876044039577,3.1622114181518555,-0.049976186252102206
S070,PIM-PI-12,Sheet1,72,,,,xgboost,4,3.865696059916071,3.5346317291259766,-0.33106433079009445
S077,4MTBDA-6FDA,Sheet1,79,,,,xgboost,4,3.223236273102997,3.503765821456909,0.2805295483539121
S078,4MTBDA-6FDA,Sheet1,80,,,,xgboost,4,3.0034605321095067,3.2078263759613037,0.204365843851797
S006,PIM-1-M,Sheet1,8,,,,xgboost,5,4.151676230847047,3.1169331073760986,-1.0347431234709488
S010,Vinylated PIM-1,Sheet1,12,,,,xgboost,5,3.510545010206612,3.0663816928863525,-0.4441633173202595
S012,PIM-1-SO3H,Sheet1,14,,,,xgboost,5,3.142389466118836,4.210465431213379,1.0680759650945428
S013,PIM-1-SO3H,Sheet1,15,,,,xgboost,5,2.795184589682424,4.0841498374938965,1.2889652478114724
S014,PIM-1-SO3H,Sheet1,16,,,,xgboost,5,2.5575072019056577,3.964022397994995,1.4065151960893374
S048,PIM-TMN-Trip,Sheet1,50,,,,xgboost,5,4.722633922533812,4.613533973693848,-0.10909994883996443
S049,PIM-TMN-Trip,Sheet1,51,,,,xgboost,5,4.52244423350632,4.440414905548096,-0.08202932795822448
S050,PIM-TMN-Trip,Sheet1,52,,,,xgboost,5,4.413299764081252,4.286961555480957,-0.12633820860029488
S051,PIM-TMN-Trip,Sheet1,53,,,,xgboost,5,4.373794416714731,4.266668319702148,-0.10712609701258291
S052,PIM-TMN-Trip,Sheet1,54,,,,xgboost,5,4.309630167425898,4.228503227233887,-0.08112694019201161
S066,PIM-Br-HPB,Sheet1,68,,,,xgboost,5,3.3283796034387376,3.4412009716033936,0.11282136816465593
S067,PIM-Br-HPB,Sheet1,69,,,,xgboost,5,3.155336037465062,3.2093312740325928,0.05399523656753091
S075,4MTBDA-PMDA,Sheet1,77,,,,xgboost,5,3.649334858712142,3.3810300827026367,-0.2683047760095052
S076,4MTBDA-PMDA,Sheet1,78,,,,xgboost,5,3.227629649571009,3.1171717643737793,-0.11045788519722954
