sample_id,source_sheet,source_row_excel,membrane_name_raw,smiles_single,smiles_triple,occupied_volume_1,occupied_volume_2,ffv,aging_days,thickness_um,p_he_barrer,p_h2_barrer,p_n2_barrer,p_o2_barrer,p_ch4_barrer,p_co2_barrer,sel_h2_n2,sel_h2_ch4,sel_o2_n2,sel_co2_n2,sel_co2_ch4,refs_perm,refs_ffv,backbone_family,contortion_unit_family,modification_family,log10_p_co2_barrer,log10_p_ch4_barrer,log10_p_n2_barrer,log10_ffv,sel_co2_ch4_from_perm,sel_co2_n2_from_perm,log10_sel_co2_ch4,log10_sel_co2_n2,log10_sel_co2_ch4_from_perm,log10_sel_co2_n2_from_perm,sel_co2_ch4_rel_error,sel_co2_n2_rel_error,has_smiles,has_ffv,has_aging,has_thickness,has_co2_perm,has_ch4_perm,has_n2_perm,has_co2_ch4_sel,has_co2_n2_sel,eligible_ffv_pilot,eligible_co2_main,eligible_co2_ch4_pair,eligible_co2_n2_pair
S002,Sheet1,4,COOH-PIM-1,O=C(O)c1c2c(Oc3c(cc4[C@@]5(c6cc(c(cc6C(C5)(C)C)O*)O*)C(Cc4c3)(C)C)O2)c(c(c1*)*)C(=O)O,,14602.37,35196.99,,15.0,,,90.53,1.8,9.8,3.82,96.43,,,5.4,53.6,25.2,[S25],,,,,1.9842121667614339,0.5820633629117087,0.25527250510330607,,25.2434554973822,53.57222222222222,1.4014005407815442,1.72916478969277,1.4021488038497252,1.7289396616581278,0.0017244244992936906,0.0005182421227197493,True,False,True,False,True,True,True,True,True,False,True,True,True
S004,Sheet1,6,Thio−PIM-1,c1(c(cc2c(c1)C(C[C@]12C(Cc2c1cc1c(c2)Oc2c(O1)c(c(c(c2C(=S)N)*)*)C(=S)N)(C)C)(C)C)O*)O*,,,,,0.0,,270.0,610.0,37.0,140.0,56.0,1120.0,,,3.8,30.0,20.0,[S106],,,,,3.0492180226701815,1.7481880270062005,1.568201724066995,,20.0,30.27027027027027,1.3010299956639813,1.4771212547196624,1.3010299956639813,1.4810162986031865,0.0,0.009009009009009005,True,False,True,False,True,True,True,True,True,False,True,True,True
S005,Sheet1,7,AO−PIM-1,c1(c(cc2c(c1)C(C[C@]12C(Cc2c1cc1c(c2)Oc2c(O1)c(c(c(c2/C(=N/O)/[N+](=O)[O-])*)*)/C(=N/O)/[N+](=O)[O-])(C)C)(C)C)O*)O*,,,,0.26,0.0,,412.0,912.0,33.0,147.0,34.0,1153.0,,,4.5,35.0,34.0,[S14],,,,,3.061829307294699,1.5314789170422551,1.5185139398778875,-0.585026652029182,33.911764705882355,34.93939393939394,1.5314789170422551,1.5440680443502757,1.530350390252444,1.5433153674168114,0.0025951557093424993,0.0017316017316017808,True,True,True,False,True,True,True,True,True,True,True,True,True
S006,Sheet1,8,PIM-1-M,c1(c(cc2c(c1C)C(C[C@]12C(Cc2c1cc1c(c2C)Oc2c(O1)c(c(c(c2CN)*)*)CN)(C)C)(C)C)O*)O*,,,,0.337,0.0,,,3710.0,850.0,2180.0,1525.0,14180.0,,,2.6,17.0,9.0,[S107],,,,,4.151676230847047,3.1832698436828046,2.929418925714293,-0.47237009912866135,9.298360655737705,16.68235294117647,0.9542425094393249,1.2304489213782739,0.9684063871642431,1.222257305132755,0.033151183970856084,0.01868512110726637,True,True,True,False,True,True,True,True,True,True,True,True,True
S007,Sheet1,9,PIM-1-MBr,c1(c(cc2c(c1CBr)C(C[C@]12C(Cc2c1cc1c(c2CBr)Oc2c(O1)c(c(c(c2CN)*)*)CN)(C)C)(C)C)O*)O*,,,,,0.0,,,1300.0,115.0,480.0,185.0,3200.0,,,,27.0,17.0,[S107],,,,,3.505149978319906,2.2671717284030137,2.060697840353612,,17.2972972972973,27.82608695652174,1.2304489213782739,1.4313637641589874,1.237978249916892,1.4444521379662942,0.01748807631160578,0.03059581320450883,True,False,True,False,True,True,True,True,True,False,True,True,True
S008,Sheet1,10,Brominated vinylated PIM-1,C(=C\Br)(\Br)/c1c(c(cc2c1C(C[C@]12C(Cc2c1cc1c(c2/C(=C/Br)/Br)Oc2c(O1)c(c(c(c2CN)*)*)CN)(C)C)(C)C)O*)O*,,,,0.238,0.0,,,675.0,90.0,305.0,130.0,1890.0,,,,21.0,15.0,[S107],,,,,3.2764618041732443,2.113943352306837,1.954242509439325,-0.623423042943488,14.538461538461538,21.0,1.1760912590556813,1.3222192947339193,1.1625184518664073,1.3222192947339193,0.030769230769230778,0.0,True,True,True,False,True,True,True,True,True,True,True,True,True
S009,Sheet1,11,Thiophenated vinylated PIM-1,C(CSc1ccccc1)c1c(c(cc2c1C(C[C@]12C(Cc2c1cc1c(c2CCSc2ccccc2)Oc2c(O1)c(c(c(c2CN)*)*)CN)(C)C)(C)C)O*)O*,,,,0.238,0.0,,,775.0,70.0,234.0,125.0,1735.0,,,,25.0,14.0,[S107],,,,,3.2392994791268923,2.0969100130080562,1.845098040014257,-0.623423042943488,13.88,24.785714285714285,1.146128035678238,1.3979400086720377,1.142389466118836,1.3942014391126356,0.008571428571428516,0.008571428571428612,True,True,True,False,True,True,True,True,True,True,True,True,True
S010,Sheet1,12,Vinylated PIM-1,c1(c(cc2c(c1C=C)C(C[C@]12C(Cc2c1cc1c(c2C=C)Oc2c(O1)c(c(c(c2CN)*)*)CN)(C)C)(C)C)O*)O*,,,,0.268,0.0,,,1080.0,130.0,410.0,260.0,3240.0,,,,26.0,12.0,[S107],,,,,3.510545010206612,2.4149733479708178,2.113943352306837,-0.5718652059712112,12.461538461538462,24.923076923076923,1.0791812460476249,1.414973347970818,1.0955716622357943,1.3966016578997753,0.03846153846153847,0.041420118343195256,True,True,True,False,True,True,True,True,True,True,True,True,True
S011,Sheet1,13,Adamantane-AO-PIM-1,c1(c(cc2c(c1)C(C[C@]12C(Cc2c1cc1c(c2)Oc2c(O1)c(c(c(c2C(N)=NOC(=O)[C@@]12C[C@H]3C[C@@H](C1)C[C@H](C3)C2)*)*)C(N)=NOC(=O)[C@@]12C[C@H]3C[C@@H](C1)C[C@H](C3)C2)(C)C)(C)C)O*)O*,,,,,0.0,,,1360.3,79.5,366.5,82.5,2483.6,,,,31.2,30.1,[S61],,,,,3.3950816511739457,1.916453948549925,1.9003671286564703,,30.104242424242422,31.240251572327043,1.4785664955938433,1.4941545940184429,1.4786277026240204,1.4947145225174754,0.0001409443269907104,0.0012901144976616673,True,False,True,False,True,True,True,True,True,False,True,True,True
S012,Sheet1,14,PIM-1-SO3H,c1c2CC([C@@](c3cc(c(c(c3C(C)C)S(O)(=O)=O)O*)O*)(C)c2cc2c1Oc1c(O2)c(c(c(c1C#N)*)*)C#N)(C)C,,,,,0.0,,,2607.0,53.0,324.0,35.0,1388.0,49.0,74.5,6.11,26.2,39.7,[S75],,,,,3.142389466118836,1.5440680443502757,1.724275869600789,,39.65714285714286,26.18867924528302,1.5987905067631152,1.4183012913197455,1.5983214217685604,1.4181135965180471,0.0010795250089960825,0.0004320898746938939,True,False,True,False,True,True,True,True,True,False,True,True,True
S013,Sheet1,15,PIM-1-SO3H,c1c2CC([C@@](c3cc(c(c(c3C(C)C)S(O)(=O)=O)O*)O*)(C)c2cc2c1Oc1c(O2)c(c(c(c1C#N)*)*)C#N)(C)C,,,,,7.0,,,1670.0,17.0,123.0,11.4,624.0,92.0,146.0,7.13,,54.7,https://doi.org/10.1016/j.memsci.2021.119440,,,,,2.795184589682424,1.0569048513364727,1.2304489213782739,,54.73684210526316,36.705882352941174,1.737987326333431,,1.7382797383459514,1.56473566830415,0.0006735302607523707,,True,False,True,False,True,True,True,True,False,False,True,True,True
S014,Sheet1,16,PIM-1-SO3H,c1c2CC([C@@](c3cc(c(c(c3C(C)C)S(O)(=O)=O)O*)O*)(C)c2cc2c1Oc1c(O2)c(c(c(c1C#N)*)*)C#N)(C)C,,,,,60.0,,,1077.0,8.6,73.4,5.6,361.0,125.0,192.0,8.53,,64.5,https://doi.org/10.1016/j.memsci.2021.119440,,,,,2.5575072019056577,0.7481880270062004,0.9344984512435677,,64.46428571428572,41.97674418604651,1.8095597146352678,,1.8093191748994575,1.6230087506620903,0.0005537098560353115,,True,False,True,False,True,True,True,True,False,False,True,True,True
S017,Sheet1,19,Pristine PIM-1,c1(c(cc2c(c1)C(C[C@]12C(Cc2c1cc1c(c2)Oc2c(O1)c(c(c(c2C#N)O*)O*)C#N)(C)C)(C)C)O*)O*,,,,0.319,1.0,,,4230.0,,650.0,1490.0,11840.0,6.51,,,18.23,7.94,https://doi.org/10.1016/j.memsci.2020.118245,,,,,4.073351702386901,3.173186268412274,,-0.4962093169428189,7.946308724832215,,0.8998205024270963,1.2607866686549762,0.9001654339746269,,0.00079454972697915,,True,True,True,False,True,True,False,True,True,True,True,True,False
S018,Sheet1,20,Pristine PIM-1,c1(c(cc2c(c1)C(C[C@]12C(Cc2c1cc1c(c2)Oc2c(O1)c(c(c(c2C#N)O*)O*)C#N)(C)C)(C)C)O*)O*,,,,0.248,10.0,,,3540.0,,420.0,700.0,8810.0,8.36,,,20.81,12.61,https://doi.org/10.1016/j.memsci.2020.118246,,,,,3.9449759084120477,2.845098040014257,,-0.6055483191737837,12.585714285714285,,1.1007150865730817,1.318272080211627,1.099877868397791,,0.0019259091424039668,,True,True,True,False,True,True,False,True,True,True,True,True,False
S019,Sheet1,21,Pristine PIM-1,c1(c(cc2c(c1)C(C[C@]12C(Cc2c1cc1c(c2)Oc2c(O1)c(c(c(c2C#N)O*)O*)C#N)(C)C)(C)C)O*)O*,,,,0.248,35.0,,,1930.0,,120.0,240.0,3130.0,16.43,,,26.63,12.95,https://doi.org/10.1016/j.memsci.2020.118247,,,,,3.4955443375464483,2.380211241711606,,-0.6055483191737837,13.041666666666666,,1.1122697684172707,1.4253711664389412,1.1153330958348424,,0.007078507078507088,,True,True,True,False,True,True,False,True,True,True,True,True,False
S020,Sheet1,22,PIM-Btrip,c12c(cc3c(c1)Oc1c(O3)c(c(c(c1C#N)*)*)C#N)[C@]1(c3c([C@]2(C)c2c1cc1c(c2)cccc1)cc(c(c3)O*)O*)C,,,,,0.0,160.0,4540.0,12100.0,1190.0,4330.0,1690.0,21500.0,10.2,,3.6,18.1,12.7,https://doi.org/10.1016/j.coche.2021.100755,,,,,4.332438459915605,3.2278867046136734,3.0755469613925306,,12.721893491124261,18.067226890756302,1.1038037209559568,1.2576785748691846,1.1045517553019317,1.2568914985230746,0.0017238969389182398,0.0018106690189889025,True,False,True,True,True,True,True,True,True,False,True,True,True
S021,Sheet1,23,PIM-Btrip,c12c(cc3c(c1)Oc1c(O3)c(c(c(c1C#N)*)*)C#N)[C@]1(c3c([C@]2(C)c2c1cc1c(c2)cccc1)cc(c(c3)O*)O*)C,,,,,130.0,160.0,3110.0,8440.0,522.0,2570.0,570.0,13200.0,16.2,,4.9,25.3,23.2,https://doi.org/10.1016/j.coche.2021.100755,,,,,4.12057393120585,2.7558748556724915,2.717670503002262,,23.157894736842106,25.28735632183908,1.3654879848908996,1.403120521175818,1.3646990755333586,1.4029034282035877,0.0018148820326678056,0.0004997501249375513,True,False,True,True,True,True,True,True,True,False,True,True,True
S022,Sheet1,24,PIM-Btrip,c12c(cc3c(c1)Oc1c(O3)c(c(c(c1C#N)*)*)C#N)[C@]1(c3c([C@]2(C)c2c1cc1c(c2)cccc1)cc(c(c3)O*)O*)C,,,,,718.0,160.0,2150.0,4820.0,112.0,838.0,113.0,3770.0,43.2,,7.5,33.8,33.5,https://doi.org/10.1016/j.coche.2021.100755,,,,,3.576341350205793,2.0530784434834195,2.0492180226701815,,33.36283185840708,33.660714285714285,1.5250448070368452,1.5289167002776547,1.523262906722373,1.5271233275356113,0.004094571390833526,0.004120879120879067,True,False,True,True,True,True,True,True,True,False,True,True,True
S023,Sheet1,25,PIM-Btrip,c12c(cc3c(c1)Oc1c(O3)c(c(c(c1C#N)*)*)C#N)[C@]1(c3c([C@]2(C)c2c1cc1c(c2)cccc1)cc(c(c3)O*)O*)C,,,,,253.0,160.0,3400.0,8930.0,401.0,2170.0,411.0,10700.0,22.3,,5.41,26.7,26.0,https://doi.org/10.1016/j.coche.2021.100755,,,,,4.02938377768521,2.6138418218760693,2.603144372620182,,26.034063260340634,26.683291770573565,1.414973347970818,1.4265112613645752,1.4155419558091404,1.4262394050650273,0.0013101253977166967,0.000625776383012535,True,False,True,True,True,True,True,True,True,False,True,True,True
S024,Sheet1,26,PIM-Btrip,c12c(cc3c(c1)Oc1c(O3)c(c(c(c1C#N)*)*)C#N)[C@]1(c3c([C@]2(C)c2c1cc1c(c2)cccc1)cc(c(c3)O*)O*)C,,,,,365.0,160.0,2810.0,7160.0,280.0,1580.0,282.0,8020.0,25.6,,5.65,28.6,28.4,https://doi.org/10.1016/j.coche.2021.100755,,,,,3.9041743682841634,2.450249108319361,2.4471580313422194,,28.43971631205674,28.642857142857142,1.4533183400470377,1.4563660331290431,1.4539252599648025,1.4570163369419442,0.0013984616921387278,0.001498501498501431,True,False,True,True,True,True,True,True,True,False,True,True,True
S025,Sheet1,27,PIM-Btrip,c12c(cc3c(c1)Oc1c(O3)c(c(c(c1C#N)*)*)C#N)[C@]1(c3c([C@]2(C)c2c1cc1c(c2)cccc1)cc(c(c3)O*)O*)C,,,,,490.0,160.0,2650.0,6380.0,795.0,1240.0,203.0,6060.0,32.6,,6.34,31.0,29.9,https://doi.org/10.1016/j.coche.2021.100755,,,,,3.782472624166286,2.307496037913213,2.9003671286564705,,29.852216748768473,7.622641509433962,1.4756711883244296,1.4913616938342726,1.4749765862530733,0.8821054955098159,0.0015981020478770993,0.7541083384053561,True,False,True,True,True,True,True,True,True,False,True,True,True
S026,Sheet1,28,PIM-Btrip,c12c(cc3c(c1)Oc1c(O3)c(c(c(c1C#N)*)*)C#N)[C@]1(c3c([C@]2(C)c2c1cc1c(c2)cccc1)cc(c(c3)O*)O*)C,,,,,633.0,160.0,2180.0,5100.0,127.0,935.0,130.0,4350.0,40.1,,7.36,34.2,33.5,https://doi.org/10.1016/j.coche.2021.100755,,,,,3.6384892569546374,2.113943352306837,2.103803720955957,,33.46153846153846,34.25196850393701,1.5250448070368452,1.534026106056135,1.5245459046478005,1.5346855359986804,0.001148105625717615,0.001519546898742824,True,False,True,True,True,True,True,True,True,False,True,True,True
S027,Sheet1,29,PIM-Btrip,c12c(cc3c(c1)Oc1c(O3)c(c(c(c1C#N)*)*)C#N)[C@]1(c3c([C@]2(C)c2c1cc1c(c2)cccc1)cc(c(c3)O*)O*)C,,,,,0.0,64.0,3960.0,9430.0,339.0,1800.0,412.0,9200.0,27.8,,5.31,27.1,22.3,https://doi.org/10.1016/j.coche.2021.100755,,,,,3.963787827345555,2.6148972160331345,2.530199698203082,,22.33009708737864,27.13864306784661,1.3483048630481607,1.4329692908744058,1.3488906113124206,1.433588129142473,0.0013496451739300013,0.0014259434629744273,True,False,True,True,True,True,True,True,True,False,True,True,True
S028,Sheet1,30,PIM-Btrip,c12c(cc3c(c1)Oc1c(O3)c(c(c(c1C#N)*)*)C#N)[C@]1(c3c([C@]2(C)c2c1cc1c(c2)cccc1)cc(c(c3)O*)O*)C,,,,,120.0,64.0,3020.0,7180.0,200.0,1160.0,237.0,6040.0,35.8,,5.79,30.2,25.5,https://doi.org/10.1016/j.coche.2021.100755,,,,,3.7810369386211318,2.374748346010104,2.3010299956639813,,25.485232067510548,30.2,1.4065401804339552,1.4800069429571505,1.406288592611028,1.4800069429571505,0.0005791346074294843,0.0,True,False,True,True,True,True,True,True,True,False,True,True,True
S029,Sheet1,31,PIM-Btrip,c12c(cc3c(c1)Oc1c(O3)c(c(c(c1C#N)*)*)C#N)[C@]1(c3c([C@]2(C)c2c1cc1c(c2)cccc1)cc(c(c3)O*)O*)C,,,,,253.0,64.0,3490.0,8080.0,190.0,1143.0,225.0,5990.0,42.5,,6.01,31.5,26.6,https://doi.org/10.1016/j.coche.2021.100755,,,,,3.7774268223893115,2.3521825181113627,2.278753600952829,,26.622222222222224,31.526315789473685,1.424881636631067,1.4983105537896004,1.425244304277949,1.4986732214364824,0.000835421888053464,0.0008354218880534907,True,False,True,True,True,True,True,True,True,False,True,True,True
S030,Sheet1,32,PIM-Btrip,c12c(cc3c(c1)Oc1c(O3)c(c(c(c1C#N)*)*)C#N)[C@]1(c3c([C@]2(C)c2c1cc1c(c2)cccc1)cc(c(c3)O*)O*)C,,,,,371.0,64.0,3620.0,7730.0,154.0,997.0,163.0,5150.0,50.2,,6.47,33.4,31.6,https://doi.org/10.1016/j.coche.2021.100755,,,,,3.711807229041191,2.2121876044039577,2.187520720836463,,31.595092024539877,33.44155844155844,1.4996870826184039,1.5237464668115646,1.4996196246372333,1.5242865082047279,0.00015531567911786226,0.0012442647173186632,True,False,True,True,True,True,True,True,True,False,True,True,True
S031,Sheet1,33,PIM-DM-Btrip,c12c(cc3c(c1)Oc1c(O3)c(c(c(c1C#N)*)*)C#N)[C@]1(c3c([C@]2(C)c2c1cc1c(c2)cc(c(c1)C)C)cc(c(c3)O*)O*)C,,,,,0.0,114.0,4000.0,11400.0,1020.0,3950.0,1570.0,22000.0,11.3,,3.9,21.8,14.0,https://doi.org/10.1016/j.coche.2021.100755,,,,,4.342422680822207,3.1958996524092336,3.0086001717619175,,14.012738853503185,21.568627450980394,1.146128035678238,1.3384564936046048,1.1465230284129726,1.3338225090602887,0.0009099181073703681,0.010613419679798487,True,False,True,True,True,True,True,True,True,False,True,True,True
S032,Sheet1,34,PIM-DTFM-Btrip,C(F)(F)(F)c1c2cc3[C@]4(c5c(cc6c(c5)Oc5c(O6)c(c(c(c5C#N)*)*)C#N)[C@@](c5c4cc(c(c5)O*)O*)(C)c3cc2cc(c1)C(F)(F)F)C,,,,,0.0,112.0,5860.0,14700.0,3000.0,7770.0,4340.0,42600.0,4.9,,2.59,14.2,9.82,https://doi.org/10.1016/j.coche.2021.100755,,,,,4.629409599102719,3.637489729512511,3.4771212547196626,,9.815668202764977,14.2,0.9921114877869497,1.1522883443830565,0.9919198695902082,1.1522883443830565,0.0004411198813669466,0.0,True,False,True,True,True,True,True,True,True,False,True,True,True
S033,Sheet1,35,PIM-DTFM-Btrip,C(F)(F)(F)c1c2cc3[C@]4(c5c(cc6c(c5)Oc5c(O6)c(c(c(c5C#N)*)*)C#N)[C@@](c5c4cc(c(c5)O*)O*)(C)c3cc2cc(c1)C(F)(F)F)C,,,,,119.0,112.0,4690.0,11300.0,1800.0,5410.0,2150.0,29000.0,6.28,,3.01,16.1,13.5,https://doi.org/10.1016/j.coche.2021.100755,,,,,4.4623979978989565,3.3324384599156054,3.255272505103306,,13.488372093023257,16.11111111111111,1.130333768495006,1.2068258760318498,1.1299595379833507,1.20712549279565,0.0008613264427217273,0.0006901311249136208,True,False,True,True,True,True,True,True,True,False,True,True,True
S034,Sheet1,36,PIM-DTFM-Btrip,C(F)(F)(F)c1c2cc3[C@]4(c5c(cc6c(c5)Oc5c(O6)c(c(c(c5C#N)*)*)C#N)[C@@](c5c4cc(c(c5)O*)O*)(C)c3cc2cc(c1)C(F)(F)F)C,,,,,366.0,112.0,4590.0,10700.0,1300.0,4460.0,1390.0,22900.0,8.23,,3.41,17.5,16.4,https://doi.org/10.1016/j.coche.2021.100755,,,,,4.359835482339888,3.143014800254095,3.113943352306837,,16.47482014388489,17.615384615384617,1.2148438480476977,1.2430380486862944,1.216820682085793,1.2458921300330512,0.004562203895420265,0.0065934065934066715,True,False,True,True,True,True,True,True,True,False,True,True,True
S035,Sheet1,37,PIM-DTFM-Btrip,C(F)(F)(F)c1c2cc3[C@]4(c5c(cc6c(c5)Oc5c(O6)c(c(c(c5C#N)*)*)C#N)[C@@](c5c4cc(c(c5)O*)O*)(C)c3cc2cc(c1)C(F)(F)F)C,,,,,490.0,112.0,4770.0,10400.0,864.0,3490.0,890.0,16900.0,12.1,,4.04,19.6,19.0,https://doi.org/10.1016/j.coche.2021.100755,,,,,4.227886704613674,2.949390006644913,2.936513742478893,,18.98876404494382,19.560185185185187,1.2787536009528289,1.2922560713564761,1.2784966979687609,1.2913729621347803,0.0005913660555883757,0.002031368102796659,True,False,True,True,True,True,True,True,True,False,True,True,True
S036,Sheet1,38,PIM-DTFM-Btrip,C(F)(F)(F)c1c2cc3[C@]4(c5c(cc6c(c5)Oc5c(O6)c(c(c(c5C#N)*)*)C#N)[C@@](c5c4cc(c(c5)O*)O*)(C)c3cc2cc(c1)C(F)(F)F)C,,,,,636.0,112.0,4730.0,10200.0,741.0,3170.0,728.0,14800.0,13.8,,4.27,20.0,20.3,https://doi.org/10.1016/j.coche.2021.100755,,,,,4.1702617153949575,2.862131379313037,2.869818207979328,,20.32967032967033,19.973009446693656,1.307496037913213,1.3010299956639813,1.30813033608192,1.300443507415629,0.001461592594597428,0.0013495276653172183,True,False,True,True,True,True,True,True,True,False,True,True,True
S037,Sheet1,39,PIM-HMI-Trip,c12c(cc3c(c1)Oc1c(O3)c(c(c(c1C#N)*)*)C#N)[C@]1(c3c([C@]2(C)c2c1cc1c(c2)cc2c(c1)C(C(C2(C)C)(C)C)(C)C)cc(c(c3)O*)O*)C,,,,,0.0,135.0,5700.0,16600.0,2560.0,8540.0,4870.0,44200.0,6.48,,3.34,17.3,9.08,https://doi.org/10.1016/j.coche.2021.100755,,,,,4.645422269349092,3.6875289612146345,3.4082399653118496,,9.075975359342916,17.265625,0.9580858485210851,1.2380461031287955,0.9578933081344576,1.2371823040372423,0.00044324236311498653,0.0019869942196532203,True,False,True,True,True,True,True,True,True,False,True,True,True
S038,Sheet1,40,PIM-HMI-Trip,c12c(cc3c(c1)Oc1c(O3)c(c(c(c1C#N)*)*)C#N)[C@]1(c3c([C@]2(C)c2c1cc1c(c2)cc2c(c1)C(C(C2(C)C)(C)C)(C)C)cc(c(c3)O*)O*)C,,,,,1.0,135.0,6500.0,18400.0,2120.0,7380.0,3990.0,39000.0,8.95,,3.49,18.6,9.94,https://doi.org/10.1016/j.coche.2021.100755,,,,,4.5910646070264995,3.6009728956867484,3.326335860928751,,9.774436090225564,18.39622641509434,0.9973863843973133,1.2695129442179163,0.9900917113397509,1.2647287460977479,0.016656328951150497,0.010955569080949551,True,False,True,True,True,True,True,True,True,False,True,True,True
S039,Sheet1,41,PIM-HMI-Trip,c12c(cc3c(c1)Oc1c(O3)c(c(c(c1C#N)*)*)C#N)[C@]1(c3c([C@]2(C)c2c1cc1c(c2)cc2c(c1)C(C(C2(C)C)(C)C)(C)C)cc(c(c3)O*)O*)C,,,,,120.0,135.0,4240.0,11800.0,1440.0,5180.0,2150.0,26900.0,8.19,,3.6,18.7,12.5,https://doi.org/10.1016/j.coche.2021.100755,,,,,4.429752280002408,3.3324384599156054,3.1583624920952498,,12.511627906976743,18.680555555555557,1.0969100130080565,1.271841606536499,1.0973138200868027,1.2713897879071583,0.0009302325581394654,0.0010398098633391526,True,False,True,True,True,True,True,True,True,False,True,True,True
S040,Sheet1,42,PIM-HMI-Trip,c12c(cc3c(c1)Oc1c(O3)c(c(c(c1C#N)*)*)C#N)[C@]1(c3c([C@]2(C)c2c1cc1c(c2)cc2c(c1)C(C(C2(C)C)(C)C)(C)C)cc(c(c3)O*)O*)C,,,,,253.0,135.0,3960.0,10700.0,972.0,3930.0,1220.0,18900.0,11.0,,4.04,19.5,15.6,https://doi.org/10.1016/j.coche.2021.100755,,,,,4.276461804173244,3.0863598306747484,2.9876662649262746,,15.491803278688524,19.444444444444443,1.1931245983544616,1.290034611362518,1.190101973498496,1.2887955392469694,0.006935687263556144,0.00284900284900293,True,False,True,True,True,True,True,True,True,False,True,True,True
S041,Sheet1,43,PIM-HMI-Trip,c12c(cc3c(c1)Oc1c(O3)c(c(c(c1C#N)*)*)C#N)[C@]1(c3c([C@]2(C)c2c1cc1c(c2)cc2c(c1)C(C(C2(C)C)(C)C)(C)C)cc(c(c3)O*)O*)C,,,,,358.0,135.0,4245.0,11141.0,907.0,3760.0,1083.0,17404.0,12.3,,4.15,19.2,16.1,https://doi.org/10.1016/j.coche.2021.100755,,,,,4.24064907462068,3.0346284566253203,2.957607287060095,,16.07017543859649,19.18853362734289,1.2068258760318498,1.2833012287035497,1.206020617995359,1.2830417875605842,0.0018524572300317856,0.0005972069092245273,True,False,True,True,True,True,True,True,True,False,True,True,True
S042,Sheet1,44,PIM-HMI-Trip,c12c(cc3c(c1)Oc1c(O3)c(c(c(c1C#N)*)*)C#N)[C@]1(c3c([C@]2(C)c2c1cc1c(c2)cc2c(c1)C(C(C2(C)C)(C)C)(C)C)cc(c(c3)O*)O*)C,,,,,426.0,135.0,4150.0,11000.0,804.0,3580.0,967.0,16400.0,13.7,,4.45,20.4,16.9,https://doi.org/10.1016/j.coche.2021.100755,,,,,4.214843848047698,2.9854264740830017,2.905256048748451,,16.959669079627716,20.398009950248756,1.2278867046136734,1.3096301674258988,1.2294173739646963,1.3095877992992466,0.0035307147708708454,9.755145839423507e-05,True,False,True,True,True,True,True,True,True,False,True,True,True
S043,Sheet1,45,PIM-TFM-Btrip,c12c(cc3c(c1)Oc1c(O3)c(c(c(c1C#N)*)*)C#N)[C@]1(c3c([C@]2(C)c2c1cc1c(c2)cc(cc1)C(*)(*)*)cc(c(c3)O*)O*)C,,,,,0.0,176.0,5150.0,13600.0,1830.0,6210.0,2280.0,33700.0,7.43,,3.39,18.4,14.8,https://doi.org/10.1016/j.coche.2021.100755,,,,,4.5276299008713385,3.357934847000454,3.2624510897304293,,14.780701754385966,18.415300546448087,1.1702617153949575,1.2648178230095364,1.1696950538708848,1.2651788111409092,0.0013039355144618193,0.0008315514373961101,True,False,True,True,True,True,True,True,True,False,True,True,True
S044,Sheet1,46,PIM-TFM-Btrip,c12c(cc3c(c1)Oc1c(O3)c(c(c(c1C#N)*)*)C#N)[C@]1(c3c([C@]2(C)c2c1cc1c(c2)cc(cc1)C(*)(*)*)cc(c(c3)O*)O*)C,,,,,123.0,176.0,4120.0,10700.0,1090.0,4230.0,1250.0,22100.0,9.82,,3.88,20.3,17.7,https://doi.org/10.1016/j.coche.2021.100755,,,,,4.344392273685111,3.0969100130080562,3.037426497940624,,17.68,20.275229357798164,1.2479732663618066,1.307496037913213,1.2474822606770544,1.306965775744487,0.0011299435028248347,0.0012202286798934374,True,False,True,True,True,True,True,True,True,False,True,True,True
S045,Sheet1,47,PIM-TFM-Btrip,c12c(cc3c(c1)Oc1c(O3)c(c(c(c1C#N)*)*)C#N)[C@]1(c3c([C@]2(C)c2c1cc1c(c2)cc(cc1)C(*)(*)*)cc(c(c3)O*)O*)C,,,,,255.0,176.0,4050.0,9870.0,875.0,3640.0,953.0,18400.0,11.3,,4.15,21.0,19.3,https://doi.org/10.1016/j.coche.2021.100755,,,,,4.264817823009537,2.979092900638326,2.942008053022313,,19.307450157397692,21.02857142857143,1.2855573090077739,1.3222192947339193,1.2857249223712102,1.3228097699872232,0.0003860185180151153,0.00136054421768707,True,False,True,True,True,True,True,True,True,False,True,True,True
S046,Sheet1,48,PIM-TFM-Btrip,c12c(cc3c(c1)Oc1c(O3)c(c(c(c1C#N)*)*)C#N)[C@]1(c3c([C@]2(C)c2c1cc1c(c2)cc(cc1)C(*)(*)*)cc(c(c3)O*)O*)C,,,,,367.0,176.0,4170.0,10100.0,791.0,3450.0,873.0,17000.0,12.7,,4.36,21.5,19.5,https://doi.org/10.1016/j.coche.2021.100755,,,,,4.230448921378274,2.9410142437055695,2.8981764834976764,,19.47308132875143,21.491782553729458,1.290034611362518,1.3324384599156054,1.2894346776727041,1.3322724378805975,0.0013804446794138377,0.0003822068032810437,True,False,True,True,True,True,True,True,True,False,True,True,True
S047,Sheet1,49,PIM-TFM-Btrip,c12c(cc3c(c1)Oc1c(O3)c(c(c(c1C#N)*)*)C#N)[C@]1(c3c([C@]2(C)c2c1cc1c(c2)cc(cc1)C(*)(*)*)cc(c(c3)O*)O*)C,,,,,496.0,176.0,3920.0,9760.0,722.0,3260.0,792.0,15600.0,13.5,,4.51,21.6,19.7,https://doi.org/10.1016/j.coche.2021.100755,,,,,4.193124598354461,2.8987251815894934,2.858537197569639,,19.696969696969695,21.606648199445985,1.294466226161593,1.334453751150931,1.2943994167649682,1.3345874007848224,0.00015382248884791,0.00030778701138812467,True,False,True,True,True,True,True,True,True,False,True,True,True
S048,Sheet1,50,PIM-TMN-Trip,c12c(cc3c(c1)Oc1c(O3)c(c(c(c1C#N)*)*)C#N)[C@]1(c3c([C@]2(C)c2c1cc1c(c2)cc2c(c1)C(CCC2(C)C)(C)C)cc(c(c3)O*)O*)C,,,,,0.0,166.0,6490.0,18800.0,3540.0,10400.0,7250.0,52800.0,5.31,,2.94,14.9,7.28,https://doi.org/10.1016/j.coche.2021.100755,,,,,4.722633922533812,3.8603380065709936,3.5490032620257876,,7.2827586206896555,14.915254237288135,0.8621313793130372,1.173186268412274,0.8622959159628186,1.1736306605080244,0.000378931413414185,0.0010237743146399043,True,False,True,True,True,True,True,True,True,False,True,True,True
S049,Sheet1,51,PIM-TMN-Trip,c12c(cc3c(c1)Oc1c(O3)c(c(c(c1C#N)*)*)C#N)[C@]1(c3c([C@]2(C)c2c1cc1c(c2)cc2c(c1)C(CCC2(C)C)(C)C)cc(c(c3)O*)O*)C,,,,,120.0,166.0,5600.0,15300.0,1970.0,6620.0,3130.0,33300.0,7.77,,3.36,16.9,10.6,,,,,,4.52244423350632,3.4955443375464483,3.294466226161593,,10.638977635782748,16.903553299492387,1.0253058652647702,1.2278867046136734,1.0268998959598714,1.227978007344727,0.0036771354512026666,0.0002102544078336309,True,False,True,True,True,True,True,True,True,False,True,True,True
S050,Sheet1,52,PIM-TMN-Trip,c12c(cc3c(c1)Oc1c(O3)c(c(c(c1C#N)*)*)C#N)[C@]1(c3c([C@]2(C)c2c1cc1c(c2)cc2c(c1)C(CCC2(C)C)(C)C)cc(c(c3)O*)O*)C,,,,,253.0,166.0,5190.0,14100.0,1470.0,5440.0,2030.0,25900.0,9.59,,3.71,17.6,12.8,,,,,,4.413299764081252,3.307496037913213,3.167317334748176,,12.758620689655173,17.61904761904762,1.1072099696478683,1.24551266781415,1.105803726168039,1.2459824293330757,0.0032327586206896963,0.0010822510822510783,True,False,True,True,True,True,True,True,True,False,True,True,True
S051,Sheet1,53,PIM-TMN-Trip,c12c(cc3c(c1)Oc1c(O3)c(c(c(c1C#N)*)*)C#N)[C@]1(c3c([C@]2(C)c2c1cc1c(c2)cc2c(c1)C(CCC2(C)C)(C)C)cc(c(c3)O*)O*)C,,,,,358.0,166.0,5290.0,14118.0,1289.0,5082.0,1751.0,23648.0,11.0,,3.94,18.4,13.5,,,,,,4.373794416714731,3.243286146083446,3.110252917353403,,13.505425471159338,18.34600465477114,1.130333768495006,1.2648178230095364,1.1305082706312857,1.2635414993613288,0.00040188675254355574,0.0029345296320032227,True,False,True,True,True,True,True,True,True,False,True,True,True
S052,Sheet1,54,PIM-TMN-Trip,c12c(cc3c(c1)Oc1c(O3)c(c(c(c1C#N)*)*)C#N)[C@]1(c3c([C@]2(C)c2c1cc1c(c2)cc2c(c1)C(CCC2(C)C)(C)C)cc(c(c3)O*)O*)C,,,,,426.0,166.0,5420.0,14100.0,1100.0,4620.0,1440.0,20400.0,12.8,,4.2,18.5,14.2,,,,,,4.309630167425898,3.1583624920952498,3.041392685158225,,14.166666666666666,18.545454545454547,1.1522883443830565,1.2671717284030137,1.151267675330649,1.2682374822676739,0.0023474178403755787,0.0024570024570025268,True,False,True,True,True,True,True,True,True,False,True,True,True
S053,Sheet1,55,PIM-EA-TB,c1(cc2c(cc1*)[C@@]1(c3c([C@]2(CC1)C)cc1c(c3)N(CN(C1)*)C*)C)*,,,,,1.0,,,7760.0,525.0,2150.0,699.0,7140.0,14.8,11.1,4.1,13.6,10.2,,,,,,3.8536982117761744,2.8444771757456815,2.720159303405957,,10.214592274678111,13.6,1.0086001717619175,1.1335389083702174,1.009221036030493,1.1335389083702174,0.00143061516452076,0.0,True,False,True,False,True,True,True,True,True,False,True,True,True
S054,Sheet1,56,PIM-EA-TB,c1(cc2c(cc1*)[C@@]1(c3c([C@]2(CC1)C)cc1c(c3)N(CN(C1)*)C*)C)*,,,,,2.0,,,6155.0,370.0,1590.0,370.0,4780.0,16.6,12.3,4.3,12.9,9.5,,,,,,3.6794278966121188,2.568201724066995,2.568201724066995,,12.91891891891892,12.91891891891892,0.9777236052888477,1.110589710299249,1.1112261725451238,1.1112261725451238,0.3598862019914652,0.0014665828619317013,True,False,True,False,True,True,True,True,True,False,True,True,True
S055,Sheet1,57,PIM-EA-TB,c1(cc2c(cc1*)[C@@]1(c3c([C@]2(CC1)C)cc1c(c3)N(CN(C1)*)C*)C)*,,,,,470.0,132.0,,8114.0,580.0,2294.0,774.0,7696.0,23.6,20.3,5.0,14.1,12.1,,,,,,3.8862650590297565,2.8887409606828927,2.7634279935629373,,9.943152454780362,13.26896551724138,1.08278537031645,1.14921911265538,0.997524098346864,1.1228370654668194,0.17825186324129236,0.05893861579848366,True,False,True,True,True,True,True,True,True,False,True,True,True
S056,Sheet1,58,PIM-BTrip-TB,c12c(cc3c(c1)N(*)CN3*)[C@]1(c3c([C@]2(C)c2c1cc1c(c2)cccc1)cc(c(c3)*)*)C,,,,,1.0,,,9976.0,926.0,3292.0,1440.0,13205.0,10.8,6.9,3.6,14.3,9.2,,,,,,4.120738405542943,3.1583624920952498,2.966610986681934,,9.17013888888889,14.260259179265658,0.9637878273455552,1.1553360374650619,0.9623759134476932,1.1541274188610084,0.0032457729468597834,0.0027790783730309663,True,False,True,False,True,True,True,True,True,False,True,True,True
S057,Sheet1,59,PIM-BTrip-TB,c12c(cc3c(c1)N(*)CN3*)[C@]1(c3c([C@]2(C)c2c1cc1c(c2)cccc1)cc(c(c3)*)*)C,,,,,166.0,,,4280.0,216.0,1160.0,283.0,4147.0,19.8,15.1,5.4,19.2,14.7,,,,,,3.617734035364018,2.45178643552429,2.3344537511509307,,14.653710247349823,19.199074074074073,1.167317334748176,1.2833012287035497,1.1659475998397277,1.283280284213087,0.00314896276531814,4.822530864201369e-05,True,False,True,False,True,True,True,True,True,False,True,True,True
S058,Sheet1,60,PIM-Trip-TB,c12c(cc3c(c1)N(*)CN3*)[C@]1(c3c([C@]2(C)c2c1cccc2)cc(c(c3)*)*)C,,,,0.261,1.0,,,8039.0,629.0,2718.0,905.0,9709.0,12.8,8.9,4.3,15.4,10.7,,,,,,3.9871745010875417,2.9566485792052033,2.798650645445269,-0.583359492661719,10.72817679558011,15.435612082670906,1.0293837776852097,1.187520720836463,1.0305259218823384,1.1885238556422728,0.0026333453813187327,0.0023124729007081304,True,True,True,False,True,True,True,True,True,True,True,True,True
S059,Sheet1,61,PIM-Trip-TB,c12c(cc3c(c1)N(*)CN3*)[C@]1(c3c([C@]2(C)c2c1cccc2)cc(c(c3)*)*)C,,,,0.261,100.0,,,4740.0,189.0,1073.0,218.0,3951.0,25.1,21.7,5.7,20.9,18.1,,,,,,3.596707029681446,2.3384564936046046,2.2764618041732443,-0.583359492661719,18.123853211009173,20.904761904761905,1.2576785748691846,1.320146286111054,1.2582505360768415,1.320245225508202,0.0013178569618326969,0.0002278423331055752,True,True,True,False,True,True,True,True,True,True,True,True,True
S060,Sheet1,62,TB-Ad-Me,c1(cc(cc(c1*)*)[C@@]1(c2cc(c3c(c2)CN(CN3C*)*)C)[C@H]2C[C@@H]3C[C@H](C2)CC[C@H]1C3)C,,,,,1.0,,,1800.0,121.0,437.0,162.0,1820.0,14.6,11.1,3.6,15.0,11.2,,,,,,3.2600713879850747,2.2095150145426308,2.0827853703164503,,11.234567901234568,15.041322314049587,1.0492180226701815,1.1760912590556813,1.050556373442444,1.1772860176686246,0.003086419753086497,0.0027548209366391537,True,False,True,False,True,True,True,True,True,False,True,True,True
S061,Sheet1,63,TB-Ad-Me,c1(cc(cc(c1*)*)[C@@]1(c2cc(c3c(c2)CN(CN3C*)*)C)[C@H]2C[C@@H]3C[C@H](C2)CC[C@H]1C3)C,,,,,180.0,,,745.0,33.0,154.0,41.0,635.0,22.6,18.2,4.4,19.2,15.5,,,,,,2.8027737252919755,1.6127838567197355,1.5185139398778875,,15.487804878048781,19.242424242424242,1.1903316981702914,1.2833012287035497,1.18998986857224,1.2842597854140883,0.0007867820613689728,0.0022095959595959855,True,False,True,False,True,True,True,True,True,False,True,True,True
S062,Sheet1,64,PIM-HPB-2,c1(c(c(c(c(c1c1ccccc1)c1ccc2c(c1)Oc1c(O2)c(c(c(c1CN)*)*)CN)c1ccccc1)c1ccccc1)c1cc(c(cc1)O*)O*)c1ccccc1,,,,,1.0,,,1413.0,190.0,534.0,361.0,3800.0,7.4,3.9,2.8,20.0,10.5,,,,,,3.57978359661681,2.5575072019056577,2.278753600952829,,10.526315789473685,20.0,1.021189299069938,1.3010299956639813,1.0222763947111522,1.3010299956639813,0.0025062656641604724,0.0,True,False,True,False,True,True,True,True,True,False,True,True,True
S063,Sheet1,65,PIM-HPB-2,c1(c(c(c(c(c1c1ccccc1)c1ccc2c(c1)Oc1c(O2)c(c(c(c1CN)*)*)CN)c1ccccc1)c1ccccc1)c1cc(c(cc1)O*)O*)c1ccccc1,,,,,145.0,,,1000.0,107.0,340.0,192.0,2390.0,9.3,5.2,3.2,22.3,12.4,,,,,,3.3783979009481375,2.2833012287035497,2.0293837776852097,,12.447916666666666,22.33644859813084,1.0934216851622351,1.3483048630481607,1.095096672244588,1.349014123262928,0.0038642473118278803,0.0016344662838941306,True,False,True,False,True,True,True,True,True,False,True,True,True
S064,Sheet1,66,PIM-CH3-HPB,c1(c(c(c(c(c1c1ccc(cc1)C)c1ccc2c(c1)Oc1c(O2)c(c(c(c1CN)*)*)CN)c1ccc(cc1)C)c1ccc(cc1)C)c1cc(c(cc1)O*)O*)c1ccc(cc1)C,,,,,1.0,,,1220.0,122.0,4.8,230.0,2620.0,1220.0,100.0,3.3,21.5,11.4,,,,,,3.4183012913197452,2.361727836017593,2.0863598306747484,,11.391304347826088,21.475409836065573,1.0569048513364727,1.3324384599156054,1.0565734553021526,1.3319414606449973,0.000762776506483557,0.0011437285550896191,True,False,True,False,True,True,True,True,True,False,True,True,True
S065,Sheet1,67,PIM-CH3-HPB,c1(c(c(c(c(c1c1ccc(cc1)C)c1ccc2c(c1)Oc1c(O2)c(c(c(c1CN)*)*)CN)c1ccc(cc1)C)c1ccc(cc1)C)c1cc(c(cc1)O*)O*)c1ccc(cc1)C,,,,,147.0,,,856.0,60.0,256.0,132.0,1630.0,856.0,14.3,4.3,27.2,12.3,,,,,,3.2121876044039577,2.12057393120585,1.7781512503836436,,12.348484848484848,27.166666666666668,1.089905111439398,1.4345689040341987,1.0916136731981079,1.4340363540203143,0.003941857600394067,0.0012254901960783617,True,False,True,False,True,True,True,True,True,False,True,True,True
S066,Sheet1,68,PIM-Br-HPB,c1(c(c(c(c(c1c1ccc(cc1)Br)c1ccc2c(c1)Oc1c(O2)c(c(c(c1CN)*)*)CN)c1ccc(cc1)Br)c1ccc(cc1)Br)c1cc(c(cc1)O*)O*)c1ccc(cc1)Br,,,,,1.0,,,930.0,92.0,301.0,177.0,2130.0,10.1,5.3,3.3,23.2,12.0,,,,,,3.3283796034387376,2.247973266361807,1.9637878273455553,,12.033898305084746,23.152173913043477,1.0791812460476249,1.3654879848908996,1.080406337076931,1.3645917760931825,0.0028248587570621395,0.0020614692653673525,True,False,True,False,True,True,True,True,True,False,True,True,True
S067,Sheet1,69,PIM-Br-HPB,c1(c(c(c(c(c1c1ccc(cc1)Br)c1ccc2c(c1)Oc1c(O2)c(c(c(c1CN)*)*)CN)c1ccc(cc1)Br)c1ccc(cc1)Br)c1cc(c(cc1)O*)O*)c1ccc(cc1)Br,,,,,146.0,,,694.0,54.0,203.0,102.0,1430.0,12.9,6.8,3.8,26.5,14.0,,,,,,3.155336037465062,2.0086001717619175,1.7323937598229686,,14.019607843137255,26.48148148148148,1.146128035678238,1.423245873936808,1.1467358657031443,1.4229422776420932,0.0014005602240896309,0.0006988120195667565,True,False,True,False,True,True,True,True,True,False,True,True,True
S068,Sheet1,70,PIM-CN-HPB,c1(c(c(c(c(c1c1ccc(cc1)CN)c1ccc2c(c1)Oc1c(O2)c(c(c(c1CN)*)*)CN)c1ccc(cc1)CN)c1ccc(cc1)CN)c1cc(c(cc1)O*)O*)c1ccc(cc1)CN,,,,,1.0,,,1200.0,123.0,386.0,212.0,2390.0,9.8,5.7,3.1,19.4,11.3,,,,,,3.3783979009481375,2.326335860928751,2.089905111439398,,11.273584905660377,19.43089430894309,1.0530784434834197,1.287801729930226,1.0520620400193863,1.2884927895087397,0.0023376189681083353,0.0015924901517056576,True,False,True,False,True,True,True,True,True,False,True,True,True
S069,Sheet1,71,PIM-CN-HPB,c1(c(c(c(c(c1c1ccc(cc1)CN)c1ccc2c(c1)Oc1c(O2)c(c(c(c1CN)*)*)CN)c1ccc(cc1)CN)c1ccc(cc1)CN)c1cc(c(cc1)O*)O*)c1ccc(cc1)CN,,,,,146.0,,,734.0,52.0,205.0,93.0,1300.0,14.1,7.9,3.9,25.0,14.0,,,,,,3.113943352306837,1.968482948553935,1.7160033436347992,,13.978494623655914,25.0,1.146128035678238,1.3979400086720377,1.1454604037529017,1.3979400086720377,0.0015360983102918574,0.0,True,False,True,False,True,True,True,True,True,False,True,True,True
S070,Sheet1,72,PIM-PI-12,c12c(cc3c(c1)[C@@]1(c4c([C@@]3(C)CC1)cc1c(c4)C(=O)N(C1=O)c1c3c(c(cc1C)c1cc(c(c4c1cccc4)*)C)cccc3)C)C(=O)N(C2=O)*,,,,0.324,1.0,,,4230.0,369.0,1380.0,457.0,7340.0,11.5,9.3,3.7,19.9,16.1,,,,,,3.8656960599160706,2.6599162000698504,2.56702636615906,-0.48945498979338786,16.061269146608314,19.89159891598916,1.2068258760318498,1.2988530764097066,1.2057798598462204,1.2986696937570101,0.002405643067806661,0.0004221650256702708,True,True,True,False,True,True,True,True,True,True,True,True,True
S075,Sheet1,77,4MTBDA-PMDA,n1(c(=O)c2c(c1=O)cc1c(c2)c(=O)n(c1=O)c1c(c2c(cc1C)N1CN(C2)c2cc(c(c(c2C1)C)*)C)C)*,,,,,1.0,,,3300.0,290.0,1080.0,360.0,4460.0,11.4,9.2,3.7,15.4,12.4,,,,,,3.649334858712142,2.5563025007672873,2.462397997898956,,12.38888888888889,15.379310344827585,1.0934216851622351,1.187520720836463,1.0930323579448546,1.1869368608131858,0.0008960573476702476,0.0013434841021048665,True,False,True,False,True,True,True,True,True,False,True,True,True
S076,Sheet1,78,4MTBDA-PMDA,n1(c(=O)c2c(c1=O)cc1c(c2)c(=O)n(c1=O)c1c(c2c(cc1C)N1CN(C2)c2cc(c(c(c2C1)C)*)C)C)*,,,,,333.0,,,1531.0,990.0,394.0,114.0,1689.0,15.5,13.4,4.0,17.1,14.8,,,,,,3.227629649571009,2.0569048513364727,2.99563519459755,,14.81578947368421,1.706060606060606,1.1702617153949575,1.2329961103921538,1.1707247982345361,0.23199445497345875,0.001066856330014183,0.9002303739145844,True,False,True,False,True,True,True,True,True,False,True,True,True
S077,Sheet1,79,4MTBDA-6FDA,N1(C(=O)c2c(C1=O)cc(cc2)C(c1ccc2c(c1)C(=O)N(C2=O)c1c(c2c(cc1C)N1CN(C2)c2cc(c(c(c2C1)C)*)C)C)(C(F)(F)F)C(F)(F)F)*,,,,,1.0,,,1446.0,133.0,4.8,116.0,1672.0,10.9,12.5,3.1,12.6,14.4,,,,,,3.2232362731029975,2.0644579892269186,2.123851640967086,,14.413793103448276,12.571428571428571,1.1583624920952498,1.100370545117563,1.1587782838760792,1.0993846321359118,0.0009578544061302392,0.0022675736961451165,True,False,True,False,True,True,True,True,True,False,True,True,True
S078,Sheet1,80,4MTBDA-6FDA,N1(C(=O)c2c(C1=O)cc(cc2)C(c1ccc2c(c1)C(=O)N(C2=O)c1c(c2c(cc1C)N1CN(C2)c2cc(c(c(c2C1)C)*)C)C)(C(F)(F)F)C(F)(F)F)*,,,,,524.0,,,964.0,62.0,229.0,60.0,1008.0,60.0,16.1,3.7,16.3,16.8,,,,,,3.0034605321095067,1.7781512503836436,1.792391689498254,,16.8,16.258064516129032,1.2253092817258628,1.212187604403958,1.2253092817258628,1.2110688426112526,0.0,0.002572729071838569,True,False,True,False,True,True,True,True,True,False,True,True,True
S080,Sheet1,82,KAUST-PI-1,n1(c(=O)c2c(c1=O)cc1c(c2)oc2c(o1)cc1c(c2)[C@]2(c3c([C@@]1(c1c2cccc1)C(C)C)cc1c(c3)oc2c(o1)cc1c(c2)c(=O)n(c1=O)c1c(c(c(c(c1C)C)*)C)C)C(C)C)*,,,,,15.0,,,3983.0,107.0,627.0,105.0,2389.0,37.2,37.9,5.9,,22.8,,,,,,3.378216149749878,2.0211892990699383,2.0293837776852097,,22.752380952380953,22.327102803738317,1.3579348470004537,,1.3570268506799399,1.3488323720646682,0.00208855472013366,,True,False,True,False,True,True,True,True,False,False,True,True,True
